question,answer,index,baseline,L4-P4,L4-P6,L4-P8,L4-P10,L6-P4,L6-P6,L6-P8,L6-P10,L8-P4,L8-P6,L8-P8,L8-P10,L10-P4,L10-P6,L10-P8,L10-P10,L12-P4,L12-P6,L12-P8,L12-P10,L14-P4,L14-P6,L14-P8,L14-P10,L16-P4,L16-P6,L16-P8,L16-P10,L18-P4,L18-P6,L20-P4,L20-P6,L22-P4,L22-P6,L24-P4,L24-P6,L26-P4,L26-P6,L28-P4,L28-P6,L30-P4
Who was the director of Total Recall?,"[""Paul Verhoeven""]",950,1,1,1,1,1,1,1,1,1,1,1,1,1,1,1,1,1,1,1,1,1,1,1,1,1,1,1,1,1,1,1,1,1,1,1,1,1,1,1,1,1,1
Who was the producer of Fast & Furious 6?,"[""Vin Diesel"", ""Mark Sinclair Vincent"", ""Mark Sinclair""]",975,1,1,1,1,1,1,1,1,1,1,1,1,1,1,1,1,1,1,1,1,1,1,1,1,1,1,1,1,1,1,1,1,1,1,1,1,1,1,1,1,1,1
What color is Sheffield United F.C.?,"[""red"", ""red color""]",1000,1,1,1,1,1,1,1,1,1,1,1,1,1,1,1,1,1,1,1,1,1,1,1,1,1,1,1,1,1,1,1,1,1,1,1,1,1,1,1,1,1,1
What genre is Pok√©mon Red and Blue?,"[""role-playing video game"", ""RPG"", ""RPVG"", ""role playing video game"", ""role-playing game"", ""role playing video games"", ""CRPG"", ""computer RPG"", ""computer role-playing video game"", ""RP video game""]",1025,1,1,1,1,1,1,1,1,1,1,1,1,1,1,1,1,1,1,1,1,1,1,1,1,1,1,1,1,1,1,1,1,1,1,1,1,1,1,1,1,1,1
What color is Coventry City F.C.?,"[""sky blue""]",1050,1,1,1,1,1,1,1,1,1,1,1,1,1,1,1,1,1,1,1,1,1,1,1,1,1,1,1,1,1,1,1,1,1,1,1,1,1,1,1,1,1,1
Who was the screenwriter for Ring?,"[""K≈çji Suzuki"", ""Koji Suzuki"", ""Suzuki K≈çji"", ""Suzuki Koji"", ""Kouji Suzuki""]",1075,1,1,1,1,1,1,1,1,1,1,1,1,1,1,1,1,1,1,1,1,1,1,1,1,1,1,1,1,1,1,1,1,1,1,1,1,1,1,1,1,1,1
Who was the director of Hook?,"[""Steven Spielberg"", ""Steven Allan Spielberg"", ""Spielberg""]",1125,1,1,1,1,1,1,1,1,1,1,1,1,1,1,1,1,1,1,1,1,1,1,1,1,1,1,1,1,1,1,1,1,1,1,1,1,1,1,1,1,1,1
Who was the producer of The Thing from Another World?,"[""Howard Hawks"", ""Howard Winchester Hawks""]",1225,1,1,1,1,1,1,1,1,1,1,1,1,1,1,1,1,1,1,1,1,1,1,1,1,1,1,1,1,1,1,1,1,1,1,1,1,1,1,1,1,1,1
Who was the director of Into the Woods?,"[""Rob Marshall""]",1250,1,1,1,1,1,1,1,1,1,1,1,1,1,1,1,1,1,1,1,1,1,1,1,1,1,1,1,1,1,1,1,1,1,1,1,1,1,1,1,1,1,1
Who was the composer of King Kong?,"[""Max Steiner"", ""Maximilian Raoul Steiner""]",1275,1,0,1,1,1,1,1,1,1,0,0,0,0,1,0,1,1,0,1,1,1,1,1,1,1,1,1,1,1,1,1,1,1,1,1,1,1,1,1,1,1,1
Who was the producer of Glory?,"[""Freddie Fields"", ""Fred Feldman""]",1375,1,1,1,1,1,1,1,1,1,1,1,1,1,1,1,1,1,1,1,1,1,1,1,1,1,1,1,1,1,1,1,1,1,1,1,1,1,1,1,1,1,1
Who was the director of Unfriended?,"[""Levan Gabriadze"", ""Levan Rezotovich Gabriadze""]",1400,1,1,1,1,1,1,1,1,1,1,1,1,1,1,1,1,1,1,1,1,1,1,1,1,1,1,1,1,1,1,1,1,1,1,1,1,1,1,1,1,1,1
What genre is The Script?,"[""pop rock"", ""pop/rock"", ""pop-rock""]",1425,1,1,1,1,1,1,1,1,1,1,1,1,1,1,1,1,1,1,1,1,1,1,1,1,1,1,1,1,1,1,1,1,1,1,1,1,1,1,1,1,1,1
In what city was Babyface born?,"[""Indianapolis"", ""Circle City"", ""Indy"", ""Naptown"", ""Crossroads of America"", ""Racing Capital of the World"", ""Amateur Sports Capital of the World"", ""INDPLS"", ""Indianapolis, Indiana"", ""India-no-place"", ""Railroad City""]",1450,1,1,1,1,1,1,1,1,1,1,1,1,1,1,1,1,1,1,1,1,1,1,0,1,1,1,1,1,1,1,1,1,1,1,1,1,1,1,1,1,1,1
What is Lille the capital of?,"[""Nord"", ""Northern Department"", ""North"", ""D√©partement du Nord"", ""59""]",1475,1,1,1,1,1,1,1,1,1,1,1,1,1,1,1,1,1,1,1,1,1,1,1,1,1,1,1,1,1,1,1,1,1,1,1,1,1,1,1,1,1,1
Who was the director of 2010: The Year We Make Contact?,"[""Peter Hyams""]",1500,1,1,1,1,1,1,1,1,1,1,1,1,1,1,1,1,1,1,1,1,1,1,1,1,1,1,1,1,1,1,1,1,1,1,1,1,1,1,1,1,1,1
Who was the screenwriter for Carol?,"[""Phyllis Nagy""]",1550,1,1,1,1,1,1,1,1,1,1,1,1,1,1,1,1,1,1,1,1,1,1,1,1,1,1,1,1,1,1,1,1,1,1,1,1,1,1,1,1,1,1
Who is the author of The Secret?,"[""Rhonda Byrne""]",1575,1,1,1,1,1,1,1,1,1,1,1,1,1,1,1,1,1,1,1,1,1,1,1,1,1,1,1,1,1,1,1,1,1,1,1,1,1,1,1,1,1,1
Who is the author of The Crow?,"[""James O'Barr""]",1600,1,1,1,1,1,1,1,1,1,1,1,1,1,1,1,1,1,1,1,1,1,1,1,1,1,1,1,1,1,1,1,1,1,1,1,1,1,1,1,1,1,1
"Who is the father of Princess Elisabeth, Duchess of Brabant?","[""Philippe I of Belgium"", ""King Philippe of Belgium"", ""Philippe L√©opold Louis Marie de Belgique, Prince de Belgique"", ""Filip of Belgium""]",1625,1,1,1,1,1,1,1,1,1,1,1,1,1,0,1,1,1,1,1,1,1,1,1,1,1,1,1,1,1,1,1,1,1,1,1,1,1,1,1,1,1,1
Who was the screenwriter for Frida?,"[""Gregory Nava"", ""Anna Thomas"", ""Clancy Sigal"", ""Clarence Sigal"", ""Kalman Sigal""]",1725,1,1,1,0,1,0,1,0,1,1,0,1,1,1,0,1,1,1,0,0,1,1,1,1,1,1,1,1,1,1,1,1,1,1,1,1,1,1,1,1,1,1
What color is snow?,"[""white"", ""W"", ""color white"", ""#FFFFFF""]",1750,1,1,1,1,1,1,1,1,1,1,1,1,1,1,1,1,1,1,1,1,1,1,1,1,1,1,1,1,1,1,1,1,1,1,1,1,1,1,1,1,1,1
What is the religion of synagogue?,"[""Judaism"", ""Jewish"", ""Jewish religion""]",1800,1,1,1,1,1,1,1,1,1,1,1,1,1,1,1,1,1,1,1,1,1,1,1,1,1,1,1,1,1,1,1,1,1,1,1,1,1,1,1,1,1,1
What is Glenn Gould's occupation?,"[""composer"", ""pianist""]",1825,1,1,1,1,1,1,1,1,1,1,1,1,1,1,1,1,1,1,1,1,1,1,1,1,1,1,1,1,1,1,1,1,1,1,1,1,1,1,1,1,1,1
Who was the composer of G√∂tterd√§mmerung?,"[""Richard Wagner"", ""Wilhelm Richard Wagner"", ""Wagner""]",1850,1,1,1,1,1,1,1,1,1,1,1,1,1,1,1,1,1,1,1,1,1,1,1,1,1,1,1,1,1,1,1,1,1,1,1,1,1,1,1,1,1,1
Who was the composer of Witness?,"[""Maurice Jarre"", ""Maurice-Alexis Jarre""]",1875,1,1,1,1,1,1,1,1,1,1,1,1,1,1,1,1,1,1,1,1,1,1,1,1,1,1,1,1,1,1,1,1,1,1,1,1,1,1,1,1,1,1
What is the religion of University of Evansville?,"[""United Methodist Church"", ""UMC""]",1925,1,1,1,1,1,1,1,1,1,1,1,1,1,1,1,1,1,1,1,1,1,1,1,1,1,1,1,1,1,1,1,1,1,1,1,1,1,1,1,1,1,1
What genre is Shaft?,"[""action film"", ""action movie"", ""film action"", ""movie action"", ""action"", ""blaxploitation"", ""blacksploitation""]",2025,1,1,1,1,1,1,1,1,1,1,1,1,1,1,1,1,1,1,1,1,1,1,1,1,1,1,1,1,1,1,1,1,1,1,1,1,1,1,1,1,1,1
Who is the author of Sweet Tooth?,"[""Jeff Lemire""]",2050,1,1,1,1,1,1,1,1,1,1,1,1,1,1,1,1,1,1,1,1,1,1,1,1,1,1,1,1,1,1,1,1,1,1,1,1,1,1,1,1,1,1
Who was the director of The Saint?,"[""Phillip Noyce""]",2075,1,1,1,1,1,1,1,1,1,1,1,1,1,1,1,1,1,1,1,1,1,1,1,1,1,1,1,1,1,1,1,1,1,1,1,1,1,1,1,1,1,1
Who was the producer of Salem?,"[""Brannon Braga""]",2100,1,1,1,1,1,1,1,1,1,1,1,1,1,1,1,1,1,1,1,1,1,1,1,1,1,1,1,1,1,1,1,1,1,1,1,1,1,1,1,1,1,1
What is Chang'an the capital of?,"[""Western Wei"", ""Western Yan"", ""Former Qin"", ""Qian Qin"", ""Later Qin"", ""Xin dynasty"", ""Xin chao"", ""New dynasty"", ""Northern Zhou"", ""Bei Zhou"", ""Han dynasty"", ""Han Empire"", ""Han"", ""Han China"", ""Sui dynasty"", ""Sui Dynasty"", ""Tang Empire"", ""Tang China"", ""Tang"", ""Tang dynasty"", ""Tang Dynasty""]",2125,1,1,1,1,1,1,1,1,1,1,1,1,1,1,1,1,1,1,1,1,1,1,1,1,1,1,1,1,1,1,1,1,1,1,1,1,1,1,1,1,1,1
What genre is Kick?,"[""action film"", ""action movie"", ""film action"", ""movie action"", ""action""]",2175,1,1,1,1,1,1,1,1,1,1,1,1,1,1,1,1,1,1,1,1,1,1,1,1,1,1,1,1,1,1,1,1,1,1,1,1,1,1,1,1,1,1
Who was the screenwriter for The Bay?,"[""Barry Levinson""]",2275,1,1,1,1,1,1,1,1,1,1,1,1,1,1,1,1,1,1,1,1,1,1,1,1,1,1,1,1,1,1,1,1,1,1,1,1,1,1,1,1,1,1
What is Zhengzhou the capital of?,"[""Henan"", ""Honan""]",2325,1,1,1,1,1,1,1,1,1,1,1,1,1,1,1,1,1,1,1,1,1,1,1,1,1,1,1,1,1,1,1,1,1,1,1,1,1,1,1,1,1,1
Who was the director of The Little Prince?,"[""Mark Osborne"", ""Mark Randolph Osborne""]",2400,1,1,1,1,1,1,1,1,1,1,1,1,1,1,1,1,1,1,1,1,1,1,1,1,1,1,1,1,1,1,1,1,1,1,1,1,1,1,1,1,1,1
Who is the author of The Reader?,"[""Bernhard Schlink""]",2475,1,1,1,1,1,1,1,1,1,1,1,1,1,1,1,1,1,1,1,1,1,1,1,1,1,1,1,1,1,1,1,1,1,1,1,1,1,1,1,1,1,1
Who was the composer of How High?,"[""Method Man"", ""Clifford Smith"", ""Clifford M. Smith Jr.""]",2500,1,1,0,0,0,0,1,1,1,1,1,1,0,1,0,0,0,1,0,0,0,1,0,0,0,1,1,1,1,1,0,1,0,1,1,1,1,1,1,1,1,1
Who is the father of Willie Geist?,"[""Bill Geist"", ""William Geist""]",2525,1,1,1,1,1,1,1,1,1,1,1,1,1,1,1,1,1,1,1,1,1,1,1,1,1,1,1,1,1,1,1,1,1,1,1,1,1,1,1,1,1,1
Who was the screenwriter for Friday?,"[""Ice Cube"", ""O'Shea Jackson""]",2575,1,1,0,0,1,1,1,1,1,1,1,1,1,1,1,1,1,1,0,0,0,1,1,1,1,1,1,1,1,1,1,1,1,0,1,0,1,0,1,0,1,0
Who was the director of Always?,"[""Steven Spielberg"", ""Steven Allan Spielberg"", ""Spielberg""]",2600,1,1,1,1,1,1,1,1,1,1,1,1,1,1,1,1,1,1,1,1,1,1,1,1,1,1,1,1,1,1,1,1,1,1,1,1,1,1,1,1,1,1
Who was the director of Suspicion?,"[""Alfred Hitchcock"", ""Alfred Joseph Hitchcock"", ""Sir Alfred Hitchcock""]",2625,1,1,1,1,1,1,1,1,1,1,1,1,1,1,1,1,1,1,1,1,1,1,1,1,1,1,1,1,1,1,1,1,1,1,1,1,1,1,1,1,1,1
Who was the composer of White Christmas?,"[""Irving Berlin"", ""Israel Isidore Baline"", ""Israel Balin"", ""Israel Baline"", ""I. Berlin""]",2650,1,1,1,1,1,1,1,1,1,1,1,1,1,1,1,1,1,1,1,1,1,1,1,1,1,1,1,1,1,1,1,1,1,1,1,1,1,1,1,1,1,1
Who was the director of Charly?,"[""Ralph Nelson""]",2675,1,0,1,0,0,1,1,1,1,1,0,1,1,0,0,0,0,1,0,1,1,1,0,1,1,1,1,1,1,1,1,1,1,1,1,1,1,1,0,1,0,1
Who was the director of Thanks for Sharing?,"[""Stuart Blumberg""]",2700,1,1,1,1,1,1,1,1,1,1,1,1,1,1,1,1,1,1,1,1,1,1,1,1,1,0,1,1,1,1,1,1,1,1,1,1,1,1,1,1,1,1
Who was the director of The Believer?,"[""Henry Bean""]",2750,1,1,1,1,1,1,1,1,1,1,1,1,1,1,1,1,1,1,1,1,1,1,1,1,1,1,1,1,1,1,1,1,1,1,1,1,1,1,1,1,1,1
In what country is Abkhaz?,"[""Russia"", ""Rossiya"", ""Rossija"", ""RU"", ""ru"", ""Rossijskaja Federatsija"", ""Russian Federation"", ""Rossiyskaya Federatsiya"", ""Rus"", ""RUS"", ""RF"", ""Abkhazia"", ""Abkhasia"", ""Abkazia"", ""Abchasia"", ""Abkhaziya"", ""Turkey"", ""Republic of Turkey"", ""üáπüá∑"", ""TUR"", ""TR"", ""Jordan"", ""Hashemite Kingdom of Jordan"", ""JO"", ""JOR"", ""jo"", ""Kingdom of Jordan"", ""üáØüá¥"", ""Syria"", ""sy"", ""üá∏üáæ"", ""Syrian Arab Republic"", ""SYR""]",2850,1,1,1,1,1,1,1,1,1,1,1,1,1,1,1,1,1,1,1,1,1,1,1,1,1,1,1,1,1,1,1,1,1,1,1,1,1,1,1,1,1,1
Who was the composer of Memory?,"[""Andrew Lloyd Webber"", ""Baron Lloyd-Webber"", ""Sir Andrew Lloyd Webber"", ""Andrew Lloyd Webber, Baron Lloyd-Webber"", ""The Rt Hon. The Lord Lloyd-Webber"", ""The Lord Lloyd-Webber"", ""Lord Lloyd-Webber""]",2875,1,1,1,1,1,1,1,1,1,1,1,1,1,1,1,1,1,1,1,1,1,1,1,1,1,1,1,1,1,1,1,1,1,1,1,1,1,1,1,1,1,1
Who was the producer of The Eye?,"[""Peter Chan"", ""Peter"", ""Peter Ho-sun Chan""]",2900,1,1,1,1,0,0,1,1,1,0,0,0,1,0,0,0,0,0,0,0,0,0,0,0,0,0,0,0,0,1,1,1,1,1,0,1,1,1,1,1,1,1
Who was the director of Like Crazy?,"[""Drake Doremus""]",2925,1,1,1,1,1,1,1,1,1,1,1,1,1,1,1,1,1,1,1,1,1,1,1,1,1,1,1,1,1,1,1,1,1,1,1,1,1,1,1,1,1,1
Who was the screenwriter for The Rose?,"[""Bo Goldman"", ""Robert Goldman""]",2950,1,1,1,1,1,1,1,1,1,1,1,1,1,0,0,1,1,1,0,1,1,1,1,1,1,1,1,1,1,1,1,1,1,1,1,1,1,1,1,1,1,1
What is the capital of Amazonas?,"[""Manaus"", ""Mother of Gods"", ""Paris of the Tropics""]",3000,1,1,1,1,1,1,1,1,1,0,0,1,0,1,1,1,1,1,1,1,1,1,1,1,1,1,1,1,1,1,1,1,1,1,1,1,1,1,1,1,1,1
What is Lilongwe the capital of?,"[""Malawi"", ""Republic of Malawi"", ""mw"", ""üá≤üáº"", ""MAW"", ""Central Region""]",3050,1,1,1,1,1,1,1,1,1,1,1,1,1,1,1,1,1,1,1,1,1,1,1,1,1,1,1,1,1,1,1,1,1,1,1,1,1,1,1,1,1,1
What is Alex Reid's occupation?,"[""actor"", ""actress"", ""actors"", ""actresses""]",3075,1,1,1,1,1,1,1,1,1,1,1,1,1,1,1,1,1,1,1,1,1,1,1,1,1,1,1,1,1,1,1,1,1,1,1,1,1,1,1,1,1,1
Who was the director of Little Black Book?,"[""Nick Hurran""]",3100,1,0,0,0,0,0,0,0,0,0,0,1,0,0,1,1,1,0,1,1,1,0,0,0,0,1,0,1,1,1,1,1,1,1,1,1,1,1,1,1,1,1
Who was the director of The Return of the Archons?,"[""Joseph Pevney""]",3125,1,1,0,1,1,0,0,1,1,1,0,1,1,0,0,1,1,0,1,1,1,1,0,0,0,1,1,1,1,1,1,1,1,1,0,1,0,1,0,0,0,0
Who was the producer of Laundry Service?,"[""Shakira"", ""Shakira Isabel Mebarak Ripoll"", ""Shakira Mebarak""]",3150,1,1,1,1,1,1,1,1,1,1,1,1,1,1,1,1,1,1,1,1,1,1,1,1,1,0,1,1,0,0,0,0,1,1,1,1,1,1,1,1,0,1
In what country is Jam Filled Entertainment?,"[""Canada"", ""Dominion of Canada"", ""British North America"", ""CAN"", ""CA"", ""ca"", ""can"", ""Can.""]",3175,1,1,1,1,1,1,1,1,1,1,1,1,1,1,1,1,1,1,1,1,1,1,1,1,1,1,1,1,1,1,1,1,1,1,1,1,1,1,1,1,1,1
Who was the director of Thank You?,"[""Anees Bazmee""]",3300,1,1,1,1,1,1,1,1,0,0,0,1,0,1,1,1,1,1,1,1,1,1,1,1,1,1,1,1,1,1,1,1,1,1,1,1,1,1,1,1,1,1
Who was the director of The Hard Way?,"[""John Badham"", ""John MacDonald Badham""]",3475,1,1,1,1,1,1,1,1,1,1,1,1,1,1,0,1,1,1,1,1,1,0,0,0,1,1,1,1,1,1,1,1,1,1,1,1,1,1,1,1,1,1
Who was the screenwriter for In America?,"[""Kirsten Sheridan"", ""Jim Sheridan""]",3525,1,1,1,1,1,1,1,1,1,1,1,1,1,1,1,1,1,1,1,1,1,1,1,1,1,1,1,1,1,1,1,1,1,1,1,1,1,1,1,1,1,1
Who was the producer of The Wedding Banquet?,"[""Ang Lee""]",3550,1,1,1,1,1,1,1,1,1,1,1,1,1,1,1,1,1,1,1,1,1,1,1,1,1,1,1,1,1,1,1,1,1,1,1,1,1,1,1,1,1,1
Who was the screenwriter for Underground?,"[""Emir Kusturica"", ""Emir Nemanja Kusturica"", ""Nemanja Kusturica""]",3575,1,0,0,0,0,1,0,1,1,0,0,0,0,1,0,1,0,1,0,0,1,1,1,1,1,1,1,0,0,1,1,1,0,1,0,1,0,1,1,1,1,1
Who is the author of Timeline?,"[""Michael Crichton"", ""John Michael Crichton"", ""Michael Douglas"", ""Jeffery Hudson"", ""John Lange""]",3625,1,1,1,1,1,1,1,1,1,1,1,1,1,1,1,1,1,1,1,1,1,1,1,1,1,1,1,1,1,1,1,1,1,1,1,1,1,1,1,1,1,1
What genre is David Byron?,"[""rock music"", ""rock and roll"", ""rock"", ""Rock""]",3700,1,1,1,1,1,1,1,1,1,1,1,1,1,1,1,1,1,1,1,1,1,1,1,1,1,1,1,1,1,1,1,1,1,1,1,1,1,1,1,1,1,1
What genre is Sometimes?,"[""teen pop"", ""teenpop""]",3725,1,0,0,0,0,0,0,0,0,1,0,0,0,1,0,0,0,0,0,0,0,0,0,0,0,0,1,0,0,0,1,1,1,1,0,1,0,1,1,1,0,1
What is the capital of Baldwin County?,"[""Bay Minette"", ""Bay Minette, Alabama""]",3850,1,1,1,1,1,1,1,1,1,1,1,1,1,1,1,1,0,1,1,1,1,1,1,1,1,1,1,1,1,1,1,0,1,1,1,1,1,1,1,1,1,1
Who is the author of Wanted?,"[""Mark Millar""]",3875,1,1,1,1,1,1,1,1,1,1,1,1,1,1,1,1,1,1,1,1,1,1,1,1,1,1,1,1,1,1,1,1,1,1,1,1,1,1,1,1,1,1
Who is the author of Post Office?,"[""Charles Bukowski"", ""Henry Charles Bukowski"", ""Buk"", ""charles bukowski""]",4025,1,1,1,1,1,1,1,1,1,1,1,1,1,1,1,1,1,1,1,1,1,1,1,1,1,1,1,1,1,1,1,1,1,1,1,1,1,1,1,1,1,1
What is the religion of Muhammad Qasim Nanautawi?,"[""Islam"", ""Islamic religion"", ""Mohammedanism"", ""Muslim religion"", ""al-‚ÄôislƒÅm"", ""religion of the Muslims""]",4050,1,0,0,0,0,0,1,0,0,0,1,0,0,1,1,1,1,1,1,1,1,1,0,1,1,1,0,1,1,1,0,1,0,1,0,1,0,1,0,1,1,1
In what country is Central Philippine University?,"[""Philippines"", ""Republic of the Philippines"", ""PH"", ""ph"", ""the Philippines"", ""Philippine Islands"", ""PHL"", ""RP"", ""üáµüá≠"", ""PHI"", ""Pinas""]",4075,1,1,1,1,1,1,1,1,1,1,1,1,1,1,1,1,1,1,1,1,1,1,1,1,1,1,1,1,1,1,1,1,1,1,1,1,1,1,1,1,1,1
What is the capital of Appenzell Innerrhoden?,"[""Appenzell""]",4175,1,1,1,1,1,1,1,1,1,1,1,1,1,1,1,1,1,1,1,1,1,1,1,1,1,1,1,1,1,1,1,1,1,1,1,1,1,1,1,1,1,1
Who was the screenwriter for What Just Happened?,"[""Art Linson""]",4225,1,0,0,1,1,1,1,1,1,0,1,0,0,0,1,1,0,1,1,1,1,1,1,1,1,1,1,1,1,1,1,1,1,1,1,1,1,1,1,1,1,1
Who was the director of Plenty?,"[""Fred Schepisi"", ""Frederic Alan Schepisi""]",4300,1,0,0,0,0,1,0,0,0,1,0,0,0,0,0,0,0,1,0,0,0,0,0,1,0,0,1,1,0,1,1,1,1,1,1,0,0,0,0,0,0,1
What color is Pan-Slavic colors?,"[""red"", ""red color""]",4425,1,1,1,1,1,1,1,1,1,1,1,1,1,1,1,1,1,1,1,1,1,1,1,1,1,1,1,1,1,1,1,1,1,1,1,1,1,1,1,1,1,1
Who is the author of The Client?,"[""John Grisham"", ""John Ray Grisham, Jr."", ""John Ray Grisham Jr""]",4525,1,1,1,1,1,1,1,1,1,1,1,1,1,1,1,1,1,1,1,1,1,1,1,1,1,1,1,1,1,1,1,1,1,1,1,1,1,1,1,1,1,1
What is Soria the capital of?,"[""Soria Province"", ""Soria""]",4550,1,1,1,1,1,1,1,1,1,1,1,1,1,1,1,1,1,1,1,1,1,1,1,1,1,1,1,1,1,1,1,1,1,1,1,1,1,1,1,1,1,1
Who was the screenwriter for As It Is in Heaven?,"[""Kay Pollak"", ""Kay Gunnar Leopold Pollak""]",4600,1,1,1,1,1,1,1,1,1,1,1,1,1,1,1,1,1,0,1,1,1,0,0,0,0,0,0,0,0,0,1,0,0,0,1,0,0,0,0,0,1,1
In what country is Mo i Rana?,"[""Norway"", ""Kingdom of Norway"", ""Norge"", ""Norv√®ge‚Äè"", ""NO"", ""NOR"", ""no"", ""Noreg"", ""Norwegen‚Äè"", ""üá≥üá¥""]",4775,1,1,1,1,1,1,1,1,1,1,1,1,1,1,1,1,1,1,1,1,1,1,1,1,1,1,1,1,1,1,1,1,1,1,1,1,1,1,1,1,1,1
Who was the screenwriter for Out 1?,"[""Jacques Rivette""]",4875,1,1,1,1,1,1,1,1,1,1,1,1,1,1,1,1,1,1,1,1,1,1,1,1,1,1,1,1,1,1,1,1,1,1,1,1,1,1,1,1,1,1
What genre is Slim Gaillard?,"[""jazz"", ""jazz music"", ""jass"", ""jas"", ""jaz"", ""Jazz""]",4900,1,1,1,1,1,1,1,1,1,1,1,1,1,1,1,1,1,1,1,1,1,1,1,1,1,1,1,1,1,1,1,1,1,1,1,1,1,1,1,1,1,1
Who is the author of The Night Watch?,"[""Sarah Waters"", ""Sarah Ann Waters""]",4975,1,1,1,1,1,1,1,1,1,1,1,1,1,1,1,1,1,1,1,1,1,1,1,1,1,1,1,1,1,1,1,1,1,1,1,1,1,1,1,1,1,1
Who is the author of The Lower Depths?,"[""Maxim Gorky"", ""Alexei Maximovich Peshkov"", ""Maksim Gor'ky"", ""Aleksey Maksimovich Peshkov"", ""Aleksey Peshkov"", ""Maksim Gorky"", ""Gorky"", ""Maxim Gorki""]",5025,1,1,1,1,1,1,1,1,1,1,1,1,1,1,1,1,1,1,1,1,1,1,1,1,1,1,1,1,1,1,1,1,1,1,1,1,1,1,1,1,1,1
What is Claudio Naranjo's occupation?,"[""psychiatrist"", ""alienist"", ""head-shrinker"", ""shrinker""]",5050,1,1,1,1,1,1,1,1,1,1,1,1,1,1,1,1,1,1,1,1,1,1,1,1,1,1,1,1,1,1,1,1,1,1,1,1,1,1,1,1,1,1
What is Chiara Zanni's occupation?,"[""voice actor"", ""voice artist"", ""voice actress"", ""voice-over performer"", ""actor"", ""actress"", ""actors"", ""actresses""]",5100,1,1,1,1,1,1,1,1,1,1,1,1,1,1,1,1,1,1,1,1,1,1,1,1,1,1,1,1,1,1,1,1,1,1,1,1,1,1,1,1,1,1
What sport does Cam Ward play?,"[""ice hockey""]",5150,1,1,1,1,1,1,1,1,1,1,1,1,1,1,1,1,1,1,1,1,1,1,1,1,1,1,1,1,1,1,1,1,1,1,1,1,1,1,1,1,1,1
Who was the director of The Immunity Syndrome?,"[""Joseph Pevney""]",5175,1,1,1,1,1,1,1,1,1,1,1,1,1,1,1,1,1,1,1,1,1,1,1,1,1,1,1,1,1,1,1,1,1,1,1,1,1,1,1,1,1,1
Who was the screenwriter for Our Town?,"[""Thornton Wilder"", ""Thornton Niven Wilder"", ""Frank Craven"", ""John Francis Craven""]",5250,1,1,1,1,1,1,1,1,1,1,1,1,1,1,1,1,1,1,1,1,1,1,1,1,1,1,1,1,1,1,1,1,1,1,1,1,1,1,1,1,1,1
Who is the author of The Octoroon?,"[""Dion Boucicault"", ""Dionysius Lardner Boursiquot""]",5275,1,1,1,1,1,1,1,1,1,1,1,1,1,1,1,1,1,1,1,1,1,1,1,1,1,1,1,1,1,1,1,1,1,1,1,1,1,1,1,1,1,1
What is Archer City the capital of?,"[""Archer County"", ""Archer County, Texas""]",5300,1,1,1,1,1,1,1,1,1,1,1,1,1,1,0,1,0,1,1,0,1,0,1,0,0,0,0,0,1,0,1,1,1,1,1,1,1,1,1,1,1,1
In what city was Jiang Mianheng born?,"[""Shanghai"", ""Hu"", ""Shang Hai"", ""Shanghai, China""]",5425,1,1,1,1,1,1,1,1,1,1,1,1,1,1,1,1,1,1,1,1,1,1,1,1,1,1,1,1,1,0,1,1,1,1,1,1,1,1,1,1,1,1
Who was the composer of Soldier of Fortune?,"[""Ritchie Blackmore"", ""Richard Hugh Blackmore"", ""00041104344 IPI"", ""00041499477 IPI"", ""Richard Blackmore""]",5450,1,1,1,1,1,0,1,1,1,1,1,1,1,1,1,1,1,0,1,1,1,1,1,1,1,1,1,1,1,0,1,1,1,1,1,1,1,1,1,1,1,1
In what country is Mangalore University?,"[""India"", ""Bharat"", ""Hindustan"", ""Bharatvarsh"", ""in"", ""IN"", ""Republic of India"", ""üáÆüá≥"", ""IND"", ""Aryavratt""]",5550,1,1,1,1,1,1,1,1,1,1,1,1,1,1,1,1,1,1,1,1,1,1,1,1,1,1,1,1,1,1,1,1,1,1,1,1,1,1,1,1,1,1
Who was the producer of Into the Sun?,"[""Steven Seagal"", ""Steven Frederic Seagal"", ""Steven Frederick Seagal""]",5650,1,1,1,1,1,1,1,1,1,1,1,1,1,1,1,1,1,1,1,1,1,1,0,0,0,1,1,1,1,0,1,0,0,0,1,0,1,0,1,0,1,1
What is the capital of Dhule district?,"[""Dhule""]",5675,1,1,1,1,1,1,1,1,1,1,1,1,1,1,1,1,1,1,1,1,1,1,1,1,1,1,1,1,1,1,1,1,1,1,1,1,1,1,1,1,1,1
In what country is Lugano Airport?,"[""Switzerland"", ""Swiss Confederation"", ""SUI"", ""Suisse"", ""Schweiz"", ""Svizzera"", ""Swiss"", ""CHE"", ""CH"", ""Confoederatio Helvetica""]",5700,1,1,1,1,1,1,1,1,1,1,1,1,1,1,1,1,1,1,1,1,1,1,1,1,1,1,1,1,1,1,1,1,1,1,1,1,1,1,1,1,1,1
Who is the author of Not I?,"[""Samuel Beckett"", ""Samuel Barclay Beckett"", ""Andrew Belis"", ""Sam Beckett"", ""Sa-miao-erh Pei-k ªo-t ªe"", ""Samuel Be·∏≥e·π≠""]",5750,1,1,1,1,1,1,1,1,1,1,1,1,1,1,1,1,1,1,1,1,1,1,1,1,1,1,1,1,1,1,1,1,1,1,1,1,1,1,1,1,1,1
Who is the author of The New Science?,"[""Giambattista Vico"", ""Gianbattista Vico"", ""Giovan Battista Vico""]",5900,1,0,1,1,1,1,1,1,1,1,1,1,1,1,1,1,1,1,1,1,1,1,1,1,1,1,1,1,1,1,1,1,1,1,1,1,1,1,1,1,1,1
Who was the director of Downloaded?,"[""Alex Winter"", ""Alexander Ross Winter""]",6125,1,1,1,1,1,1,1,1,1,1,1,1,1,1,1,0,1,1,1,1,1,0,1,1,0,1,1,1,1,1,1,1,1,1,1,1,1,1,1,1,1,1
Who was the producer of Xxplosive?,"[""Dr. Dre"", ""Andre Romelle Young"", ""The Mechanic"", ""Brickhard""]",6200,1,1,1,1,1,1,1,1,1,1,0,1,1,1,0,0,0,1,0,1,1,1,1,1,1,1,1,1,1,1,1,1,1,1,1,1,1,1,1,1,1,1
Who was the director of Carried Away?,"[""Bruno Barreto""]",6250,1,1,1,1,1,1,0,1,0,1,1,1,1,1,1,1,1,1,1,1,1,1,1,1,1,1,0,1,1,1,0,1,1,1,1,1,1,1,1,1,1,1
Who was the composer of Fascinating Rhythm?,"[""George Gershwin"", ""Jacob Gershvin"", ""Jacob Bruskin Gershowitz"", ""George Jacob Gershwin"", ""Dzhordzh Gershvin""]",6325,1,1,1,1,1,1,1,1,1,1,1,1,1,1,1,1,1,1,1,1,1,1,1,1,1,1,1,1,1,1,1,1,1,1,1,1,1,1,1,1,1,1
What sport does Amdy Faye play?,"[""association football"", ""football"", ""soccer""]",6400,1,1,1,1,1,1,1,1,1,1,1,1,1,1,1,1,1,1,1,1,1,1,1,1,1,1,1,1,1,1,1,1,1,1,1,1,1,1,1,1,1,1
What sport does World Triathlon play?,"[""triathlon""]",6475,1,1,1,1,1,1,1,1,1,1,1,1,1,1,1,1,1,1,1,1,1,1,1,1,1,1,1,1,1,1,1,1,1,1,1,1,1,1,1,1,1,1
What is the capital of Merthyr Tydfil County Borough?,"[""Merthyr Tydfil"", ""Merthyr Tudful"", ""Merthyr-Tydvil""]",6700,1,1,1,1,1,1,1,1,1,1,1,1,1,1,1,1,1,1,1,1,1,1,1,1,1,1,1,1,1,1,1,1,1,1,1,1,1,1,1,1,1,1
Who was the screenwriter for The Ballad of Narayama?,"[""Keisuke Kinoshita""]",6725,1,1,1,0,1,1,1,1,1,1,1,1,0,1,1,1,0,1,1,1,1,0,0,1,1,1,1,1,1,1,1,1,1,1,1,1,1,1,1,1,1,1
Who is the father of Qasim ibn Muhammad ibn Abi Bakr?,"[""Muhammad ibn Abi Bakr"", ""ŸÖÿ≠ŸÖÿØ ÿ®ŸÜ ÿ£ÿ®Ÿä ÿ®ŸÉÿ±""]",6775,1,1,1,1,1,1,1,1,1,1,1,1,1,1,1,1,1,1,1,1,1,1,1,1,1,1,1,1,1,1,1,1,1,1,1,1,1,1,1,1,1,1
Who is the author of Camino Real?,"[""Tennessee Williams"", ""Thomas Lanier Williams III"", ""Thomas Lanier Williams"", ""Thomas Williams""]",6800,1,1,1,1,1,0,0,0,0,0,1,0,0,1,1,1,1,1,0,1,1,1,0,1,1,1,1,1,1,1,1,1,1,1,0,1,1,1,1,1,1,1
Who was the screenwriter for The Actors?,"[""Conor McPherson""]",6825,1,1,1,1,1,1,1,1,1,0,1,0,1,0,1,0,1,1,1,1,0,0,1,1,1,1,1,1,1,0,1,0,0,1,0,1,0,1,0,1,1,1
Who was the composer of Woman of the Year?,"[""John Kander"", ""John Harold Kander""]",6850,1,1,1,1,1,0,0,0,0,0,0,0,0,0,0,0,0,0,0,0,0,0,0,0,0,1,0,1,1,1,1,1,1,1,1,1,1,1,1,1,1,1
What genre is Me & My?,"[""Eurodance"", ""Euro-dance"", ""Euro dance""]",6950,1,0,0,0,0,0,0,0,1,0,0,0,0,0,0,0,0,1,1,1,1,0,0,0,0,1,1,1,1,1,1,1,1,1,1,1,1,1,1,1,1,1
What genre is Console?,"[""electronic music"", ""electrosonic""]",7025,1,1,1,1,1,1,1,1,1,1,1,1,1,1,1,1,1,1,1,1,1,1,1,1,1,1,1,1,1,1,1,1,1,1,1,1,1,1,1,0,1,1
What genre is Special?,"[""science fiction film"", ""sci-fi film"", ""science fiction movie"", ""sci-fi movie"", ""scifi film"", ""scifi movie"", ""sci fi film"", ""sci fi movie"", ""scifi-film"", ""scifi"", ""comedy-drama"", ""dramedy"", ""comedic drama"", ""tragicomedy"", ""seriocomedy"", ""comedy drama"", ""dramatic comedy"", ""Comedy-drama, dramedy""]",7150,1,1,1,1,1,1,1,1,1,1,1,1,1,1,1,1,1,1,1,1,1,1,1,1,1,1,1,1,1,1,1,1,1,1,1,1,1,1,1,1,1,1
Who is the author of A Boy's Own Story?,"[""Edmund White"", ""Edmund Valentine White III""]",7200,1,1,1,1,1,1,1,1,1,1,1,1,1,1,1,1,1,1,1,1,1,1,1,1,1,1,1,1,1,1,1,1,1,1,1,1,1,1,1,1,1,1
What genre is Johnny Harris?,"[""pop music"", ""pop"", ""Pop""]",7225,1,1,0,0,1,1,1,0,0,1,1,1,1,1,0,0,1,1,1,1,1,0,0,0,1,1,1,1,1,0,0,0,0,0,0,0,0,0,0,0,1,0
Who was the screenwriter for Sal?,"[""James Franco"", ""James Edward Franco""]",7275,1,1,1,1,1,1,1,0,1,1,1,1,1,1,1,0,1,1,0,0,1,0,1,1,1,1,1,1,1,1,1,0,0,0,0,0,1,1,0,1,0,0
Who is the author of Couples?,"[""John Updike"", ""John Hoyer Updike""]",7550,1,1,1,1,1,1,1,1,1,1,1,1,1,1,1,1,1,1,1,1,1,1,1,1,1,1,1,1,1,1,1,1,1,1,1,1,1,1,1,1,1,1
Who was the screenwriter for In Another Country?,"[""Hong Sang-soo"", ""Hong Sang Soo""]",7750,1,1,1,1,1,1,1,1,1,0,1,0,0,0,0,1,0,1,1,1,1,1,1,1,0,1,1,1,1,1,1,1,0,1,1,1,1,1,1,1,1,1
What is the capital of Fareham?,"[""Fareham""]",7850,1,1,1,1,1,1,1,1,1,1,1,1,1,1,1,1,1,1,1,1,1,1,1,1,1,1,1,1,1,1,1,1,1,1,1,1,1,1,1,1,1,1
Who is the author of Da?,"[""Hugh Leonard""]",8025,1,0,0,1,0,0,1,1,0,0,0,0,0,0,0,0,0,0,0,0,0,0,0,0,0,0,0,0,0,1,1,1,1,1,0,1,1,1,1,1,0,1
What genre is Beautiful Darling?,"[""documentary film"", ""documentary movie"", ""doc"", ""film documentary"", ""motion picture documentary"", ""documentary"", ""factual film""]",8050,1,1,1,1,1,1,1,1,1,1,1,1,1,1,1,1,1,1,1,1,1,1,1,1,1,1,1,1,1,1,1,1,1,1,1,1,1,1,1,1,1,1
Who is the author of The Servile State?,"[""Hilaire Belloc"", ""Hilaire Pierre Belloc"", ""Joseph Hilaire Pierre Ren√© Belloc""]",8075,1,1,1,1,1,1,1,1,1,1,1,1,1,1,1,1,1,1,1,1,1,1,1,1,1,1,1,1,1,1,1,1,1,1,1,1,1,1,1,1,1,1
In what city was Nissim of Gerona born?,"[""Girona"", ""Girona, Spain"", ""G√©rone"", ""Gerone"", ""Gerona"", ""Gerona, Spain"", ""Girona, Catalonia""]",8225,1,1,1,1,1,1,1,1,1,1,1,1,1,1,1,1,1,1,1,1,1,1,1,1,1,1,1,1,1,1,1,1,1,1,1,1,1,1,1,1,1,1
Who is the author of Election?,"[""Tom Perrotta""]",8325,1,1,1,1,1,1,1,1,1,1,1,1,1,1,1,1,1,1,1,1,1,1,1,1,1,1,1,1,1,1,1,1,1,1,1,1,1,1,1,1,1,1
Who is the author of Variant?,"[""Robison Wells""]",8800,1,1,1,1,1,1,1,1,1,1,1,1,1,1,1,1,1,1,1,1,1,1,1,1,1,1,1,1,1,1,1,1,1,1,1,1,1,1,1,1,1,1
What genre is Adhesive?,"[""punk rock"", ""punk"", ""punk music""]",8875,1,0,0,0,0,0,0,0,0,1,0,1,1,0,0,0,0,0,0,0,0,0,0,0,0,0,0,0,0,1,0,1,0,0,1,0,1,1,1,0,1,0
In what country is Eustace?,"[""United States of America"", ""the United States of America"", ""America"", ""U.S.A."", ""USA"", ""U.S."", ""US"", ""the US"", ""the USA"", ""US of A"", ""the United States"", ""U. S. A."", ""U. S."", ""the States"", ""the U.S."", ""'Merica"", ""U.S"", ""United States"", ""'Murica""]",8900,1,1,1,1,1,1,1,1,1,1,1,1,1,1,1,1,1,1,1,1,1,1,1,1,1,1,1,1,1,1,1,1,1,1,1,1,1,1,1,1,1,1
Who is the author of Romance?,"[""Ford Madox Ford"", ""Ford Hermann Hueffer"", ""Ford Madox Hueffer"", ""Joseph Leopold Ford Hermann Madox Hueffer"", ""Joseph Conrad"", ""Jozef Teodor Konrad Korzeniowski""]",8950,1,1,1,1,0,0,1,0,1,0,0,0,1,0,0,0,0,1,0,0,0,0,0,0,0,0,0,0,0,0,0,0,0,0,0,0,0,0,0,0,0,0
What sport does Roosevelt Chapman play?,"[""basketball"", ""hoops"", ""b-ball"", ""basket ball"", ""BB"", ""Basketball""]",9050,1,1,1,1,1,1,1,1,1,1,1,1,1,1,1,1,1,1,1,1,1,1,1,1,1,1,1,1,1,1,1,1,1,1,1,1,1,1,1,1,1,1
Who is the author of Enter the Saint?,"[""Leslie Charteris"", ""Leslie Charles Bowyer-Yin""]",9075,1,1,1,1,0,1,1,1,1,1,1,1,1,1,1,1,1,1,1,1,1,1,1,1,1,1,1,1,1,1,1,1,1,1,1,1,1,1,1,1,1,1
Who was the director of Cool It?,"[""Ondi Timoner""]",9150,1,1,1,1,1,1,1,1,1,1,1,1,1,1,1,1,1,1,1,1,1,1,1,1,1,1,1,1,1,1,1,1,1,1,1,1,1,1,1,1,1,1
What is Mariv√≠ Bilbao's occupation?,"[""actor"", ""actress"", ""actors"", ""actresses""]",9175,1,1,1,1,1,1,1,1,1,1,1,1,1,1,1,1,1,1,1,1,1,1,1,1,1,1,1,1,1,1,1,1,1,1,1,1,1,1,1,1,1,1
Who is the author of The Wind?,"[""Dorothy Scarborough"", ""Emily Dorothy Scarborough""]",9225,1,1,1,1,1,1,1,1,1,1,1,1,1,1,1,1,1,0,1,1,1,1,1,1,1,1,1,1,1,1,1,1,1,1,1,1,1,1,1,1,1,1
In what country is Zing?,"[""Nigeria"", ""Federal Republic of Nigeria"", ""üá≥üá¨"", ""NG"", ""FRN"", ""NGA"", ""NGR"", ""Naija""]",9800,1,1,1,1,1,1,1,1,1,1,1,1,1,1,1,1,1,1,1,1,1,1,1,1,1,1,1,1,1,1,1,1,1,1,1,1,1,1,1,1,1,1
Who is the author of Those Who Hunt the Night?,"[""Barbara Hambly"", ""Barbara Hamilton (pseudonym)"", ""Barbara Hamilton""]",9825,1,0,0,0,0,1,1,1,1,0,0,1,1,1,1,1,0,0,1,1,1,0,1,0,1,1,1,1,1,1,0,1,1,1,1,0,1,1,1,1,1,0
In what country is Little River?,"[""United States of America"", ""the United States of America"", ""America"", ""U.S.A."", ""USA"", ""U.S."", ""US"", ""the US"", ""the USA"", ""US of A"", ""the United States"", ""U. S. A."", ""U. S."", ""the States"", ""the U.S."", ""'Merica"", ""U.S"", ""United States"", ""'Murica""]",9850,1,1,1,1,1,1,1,0,1,1,1,1,1,1,1,1,1,1,1,1,1,1,1,1,1,1,1,1,1,1,1,0,1,0,1,0,1,0,1,0,1,0
Who is the author of Need?,"[""Carrie Jones""]",10175,1,1,0,0,0,1,1,1,1,1,1,1,1,1,1,1,1,1,1,1,1,1,1,1,1,1,1,1,1,1,1,1,1,1,1,1,1,1,1,1,1,1
What genre is Chess with Friends?,"[""chess"", ""International Chess"", ""Modern European Chess"", ""Western Chess"", ""chess game""]",10200,1,1,1,1,1,1,1,1,1,1,1,1,1,1,1,1,1,1,1,1,1,1,1,1,1,1,1,1,1,1,1,1,1,1,1,1,1,1,1,1,1,1
Who is the mother of Princess Marie Gabriele of Luxembourg?,"[""Charlotte, Grand Duchess of Luxembourg"", ""Grand Duchess Charlotte of Luxembourg"", ""Charlotte I"", ""Charlotte""]",10225,1,1,1,1,1,1,1,1,1,1,1,1,1,1,1,1,1,1,1,1,1,1,1,1,1,1,1,1,1,1,1,1,1,1,1,1,1,1,1,1,1,1
In what city was Giuseppe Bezzuoli born?,"[""Florence"", ""Firenze"", ""Florence, Italy"", ""Florence, Tuscany"", ""Florencia"", ""Florentia"", ""Florenz"", ""Firenca"", ""Florencie"", ""Fiur√§nza"", ""Florentzia"", ""Firense"", ""Firenz"", ""Firenzi""]",10250,1,1,0,1,1,0,0,1,0,0,1,1,1,1,1,1,1,1,1,1,1,1,1,1,1,0,1,1,1,1,1,1,1,0,1,0,1,0,1,0,1,1
Who was the director of The Final Test?,"[""Anthony Asquith"", ""Hon. Anthony Asquith"", ""Anthony William Lowell Asquith""]",10300,1,1,1,1,1,1,1,1,1,0,1,1,1,0,1,0,0,0,0,0,0,0,0,0,0,1,1,1,1,0,0,1,1,1,1,1,1,1,1,1,1,1
In what country is Peru?,"[""United States of America"", ""the United States of America"", ""America"", ""U.S.A."", ""USA"", ""U.S."", ""US"", ""the US"", ""the USA"", ""US of A"", ""the United States"", ""U. S. A."", ""U. S."", ""the States"", ""the U.S."", ""'Merica"", ""U.S"", ""United States"", ""'Murica""]",10450,1,1,1,1,1,1,1,1,1,1,1,1,1,1,1,1,1,1,1,1,1,1,1,1,1,1,1,1,1,1,1,1,1,1,1,1,1,1,1,1,1,1
In what city was J√°nos Ferencsik born?,"[""Budapest"", ""Buda Pest"", ""Buda-Pest"", ""Budape≈°≈•"", ""Budapesta"", ""Budapeszt"", ""Buda"", ""Ofen"", ""Bud√≠n"", ""Budim"", ""Budon"", ""Pest"", ""Pe≈°≈•"", ""Pe≈°ta"", ""√ìbuda"", ""Alt-Ofen"", ""K≈ëb√°nya""]",10725,1,1,1,1,1,1,1,1,1,1,1,1,1,1,1,1,1,1,1,1,1,1,1,1,1,1,1,1,1,1,1,1,1,1,1,1,1,1,1,1,1,1
Who was the composer of La bella dormente nel bosco?,"[""Ottorino Respighi""]",10825,1,1,1,1,1,1,1,1,1,1,1,1,1,1,1,1,1,1,1,1,1,0,0,0,0,1,1,1,1,1,1,1,1,1,1,1,1,1,1,1,1,1
In what country is The Met?,"[""Thailand"", ""Kingdom of Thailand"", ""th"", ""Siam"", ""üáπüá≠"", ""Land of Smiles"", ""THA""]",10850,1,1,1,1,1,1,1,1,1,1,1,1,1,1,1,1,1,1,1,1,1,1,1,1,1,1,1,1,1,1,1,1,1,1,1,1,1,1,1,1,1,1
In what country is Mullsj√∂ Municipality?,"[""Sweden"", ""Kingdom of Sweden"", ""SE"", ""se"", ""SWE"", ""üá∏üá™""]",10950,1,1,1,1,1,1,1,1,1,1,1,1,1,1,1,1,1,1,1,1,1,1,1,1,1,1,1,1,1,1,1,1,1,1,1,1,1,1,1,1,1,1
Who was the director of Hell on Wheels?,"[""David Von Ancken""]",11125,1,1,0,1,0,1,1,1,0,0,1,1,1,1,1,1,1,1,1,1,1,1,0,0,0,1,1,1,1,1,1,1,0,1,1,1,1,1,1,1,1,1
What sport does Mike Edwards play?,"[""association football"", ""football"", ""soccer""]",11525,1,1,0,1,1,1,1,1,1,1,1,1,1,1,1,1,1,1,1,1,1,1,1,1,1,1,1,1,1,1,1,1,1,1,1,1,1,1,1,1,1,1
In what country is Nalbandyan?,"[""Armenia"", ""Republic of Armenia"", ""üá¶üá≤"", ""ARM"", ""AM""]",12050,1,1,1,1,1,1,1,1,1,1,1,1,1,1,1,1,1,1,1,1,1,1,1,1,1,1,1,1,1,1,1,1,1,1,1,1,1,1,1,1,1,1
Who is the author of Merry Tales?,"[""Mark Twain"", ""Samuel Langhorne Clemens"", ""Samuel L. Clemens"", ""Samuel Clemens""]",12175,1,1,1,1,1,1,1,1,1,1,1,1,1,1,1,1,1,1,1,1,1,1,1,1,1,1,1,1,1,1,0,1,1,1,1,1,1,1,1,1,1,1
In what country is Reppisch?,"[""Switzerland"", ""Swiss Confederation"", ""SUI"", ""Suisse"", ""Schweiz"", ""Svizzera"", ""Swiss"", ""CHE"", ""CH"", ""Confoederatio Helvetica""]",12375,1,1,1,1,1,1,1,1,1,1,1,1,1,1,1,1,1,1,1,1,1,1,1,1,1,1,1,1,1,1,1,1,1,1,1,1,1,1,1,1,1,1
What is the capital of Biaroza District?,"[""Biaroza"", ""Bereza"", ""Bereza Kartuska"", ""Kartoz-Brezah"", ""Bereze"", ""Brezah"", ""Bjaroza"", ""Bereza Kartuskaya"", ""Biaroza Kartuzskaia"", ""Byaroza-Kartuzskaya"", ""Kartusskaya Bereza"", ""Kartuz Bereze"", ""Kartuz Bereza""]",12750,1,1,1,1,1,1,1,1,1,1,1,1,1,1,1,1,1,1,1,1,1,1,1,1,1,1,1,1,1,1,1,1,1,1,1,1,1,1,1,1,1,1
In what country is Perth?,"[""Canada"", ""Dominion of Canada"", ""British North America"", ""CAN"", ""CA"", ""ca"", ""can"", ""Can.""]",12925,1,1,1,1,1,1,1,1,1,1,1,1,1,1,1,1,1,1,1,1,1,1,1,1,1,1,1,1,1,1,1,1,1,1,1,1,1,1,1,1,1,1
"In what country is GƒÖsiorowo, Legionowo County?","[""Poland"", ""POL"", ""Republic of Poland"", ""PL"", ""Polska""]",13075,1,1,1,1,1,1,1,1,1,1,1,1,1,1,1,1,1,1,1,1,1,1,1,1,1,1,1,1,1,1,1,1,1,1,1,1,1,1,1,1,1,1
In what country is Eschbronn?,"[""Germany"", ""FRG"", ""BRD"", ""Bundesrepublik Deutschland"", ""Federal Republic of Germany"", ""de"", ""Deutschland"", ""GER"", ""BR Deutschland"", ""DE""]",13200,1,1,1,1,1,1,1,1,1,1,1,1,1,1,1,1,1,1,1,1,1,1,1,1,1,1,1,1,1,1,1,1,1,1,1,1,1,1,1,1,1,1
What sport does Luan Viana Patroc√≠nio play?,"[""association football"", ""football"", ""soccer""]",13500,1,1,1,1,1,1,1,1,1,1,1,1,1,1,1,1,1,1,1,1,1,1,1,1,1,1,1,1,1,1,1,1,1,1,1,1,1,1,1,1,1,1
What sport does 2006‚Äì07 Primera B Nacional play?,"[""association football"", ""football"", ""soccer""]",13525,1,1,1,1,1,1,1,1,1,1,1,1,1,1,1,1,1,1,1,1,1,1,1,1,1,1,1,1,1,1,1,1,1,1,1,1,1,1,1,1,1,1
In what country is Whited Township?,"[""United States of America"", ""the United States of America"", ""America"", ""U.S.A."", ""USA"", ""U.S."", ""US"", ""the US"", ""the USA"", ""US of A"", ""the United States"", ""U. S. A."", ""U. S."", ""the States"", ""the U.S."", ""'Merica"", ""U.S"", ""United States"", ""'Murica""]",13675,1,1,1,1,1,1,1,1,1,1,1,1,1,1,1,1,1,1,1,1,1,1,1,1,1,1,1,1,1,1,1,1,1,1,1,1,1,1,1,1,1,1
What sport does Alexei Ugarov play?,"[""ice hockey""]",13900,1,1,0,1,1,1,1,1,0,0,1,1,1,0,0,0,1,0,0,1,1,0,0,1,1,0,0,1,1,1,1,0,1,0,1,0,1,0,1,0,0,0
Who is the author of Sail?,"[""James Patterson"", ""James Brendan Patterson"", ""James B. Patterson""]",13975,1,1,1,1,1,1,1,1,1,1,1,1,1,0,1,1,1,0,0,1,0,1,1,1,1,1,1,1,1,1,1,1,0,0,1,0,1,0,1,0,0,0
What sport does Dan Parkinson play?,"[""association football"", ""football"", ""soccer""]",14050,1,1,1,1,1,1,1,1,1,1,1,1,1,1,1,1,1,1,1,1,1,1,1,1,1,1,1,1,1,1,1,1,1,1,1,1,1,1,1,1,1,1
What sport does Jos√© Luis Contaja play?,"[""association football"", ""football"", ""soccer""]",14125,1,1,1,1,1,1,1,1,1,1,1,1,1,1,1,0,0,1,0,1,0,1,1,0,1,1,1,1,1,1,1,1,1,1,1,1,1,1,1,1,1,1
In what country is Korean Magazine Museum?,"[""South Korea"", ""Republic of Korea"", ""ROK"", ""kr"", ""Rep. Korea"", ""S. Korea"", ""Korea Republic"", ""üá∞üá∑"", ""KOR""]",14150,1,1,1,1,1,1,1,1,1,1,1,1,1,1,1,1,1,1,1,1,1,1,1,1,1,1,1,1,1,1,1,1,1,1,1,1,1,1,1,1,1,1
In what city was Ji≈ô√≠ Vyƒçichlo born?,"[""Prague"", ""Praha"", ""Hlavn√≠ mƒõsto Praha"", ""City of Prague""]",14200,1,1,1,1,1,1,1,1,1,1,1,1,1,1,1,1,1,1,1,1,1,1,1,1,1,1,1,1,1,1,1,1,1,1,1,1,1,1,1,1,1,1
In what country is Izvorul Morarului River?,"[""Romania"", ""Roumania"", ""Rumania"", ""Rom√¢nia"", ""ro"", ""üá∑üá¥""]",14250,1,1,1,1,1,1,1,1,1,1,1,1,1,1,1,1,1,1,1,1,1,1,1,1,1,1,1,1,1,1,1,1,1,1,1,1,1,1,1,1,1,1
