entity,entity_wikipedia_page,question,property,answer,perturbed_answer
Jack the Ripper,https://en.wikipedia.org/wiki/Jack_the_Ripper,What is Jack the Ripper?,definition,['An unidentified serial killer in 1888 London'],A 1920s American gangster
Jack the Ripper,https://en.wikipedia.org/wiki/Jack_the_Ripper,When did Jack the Ripper become widely known?,historical timing,['1888'],1920
Jack the Ripper,https://en.wikipedia.org/wiki/Jack_the_Ripper,Where is Jack the Ripper primarily associated with?,location,"['Whitechapel, London']",New York City
Jack the Ripper,https://en.wikipedia.org/wiki/Jack_the_Ripper,Who is most famously associated with Jack the Ripper?,associated person,['No confirmed identity'],Al Capone
Jack the Ripper,https://en.wikipedia.org/wiki/Jack_the_Ripper,What controversy is associated with Jack the Ripper?,controversy,['Failure to identify the killer'],A cover-up by MI6
Jack the Ripper,https://en.wikipedia.org/wiki/Jack_the_Ripper,Which government agency or organization has been linked to Jack the Ripper?,linked organization,['Scotland Yard'],The FBI
Jack the Ripper,https://en.wikipedia.org/wiki/Jack_the_Ripper,Has Jack the Ripper been officially confirmed by authorities?,official confirmation,['Unsolved'],Solved in the 1980s
Jack the Ripper,https://en.wikipedia.org/wiki/Jack_the_Ripper,What major event was influenced by Jack the Ripper?,influenced event,['Modern serial killer investigations'],The Great Fire of London
Jack the Ripper,https://en.wikipedia.org/wiki/Jack_the_Ripper,What is a common conspiracy theory related to Jack the Ripper?,conspiracy theory,['He was a member of the royal family'],He was a time traveler
Jack the Ripper,https://en.wikipedia.org/wiki/Jack_the_Ripper,How does Jack the Ripper relate to modern events or debates?,modern relevance,['He remains a mystery in criminology'],His case was definitively closed
D.B. Cooper,https://en.wikipedia.org/wiki/D._B._Cooper,What is D.B. Cooper?,definition,['A mysterious hijacker who vanished in 1971'],A Cold War spy
D.B. Cooper,https://en.wikipedia.org/wiki/D._B._Cooper,When did D.B. Cooper become widely known?,historical timing,"['November 24, 1971']",1960
D.B. Cooper,https://en.wikipedia.org/wiki/D._B._Cooper,Where is D.B. Cooper primarily associated with?,location,['Northwestern United States'],Eastern Europe
D.B. Cooper,https://en.wikipedia.org/wiki/D._B._Cooper,Who is most famously associated with D.B. Cooper?,associated person,['Unknown'],A confirmed CIA operative
D.B. Cooper,https://en.wikipedia.org/wiki/D._B._Cooper,What controversy is associated with D.B. Cooper?,controversy,['Disappearance after skydiving'],He was secretly captured
D.B. Cooper,https://en.wikipedia.org/wiki/D._B._Cooper,Which government agency or organization has been linked to D.B. Cooper?,linked organization,['FBI'],NASA
D.B. Cooper,https://en.wikipedia.org/wiki/D._B._Cooper,Has D.B. Cooper been officially confirmed by authorities?,official confirmation,['Never caught'],Found in 1990
D.B. Cooper,https://en.wikipedia.org/wiki/D._B._Cooper,What major event was influenced by D.B. Cooper?,influenced event,['Airport security reforms'],Cold War espionage tactics
D.B. Cooper,https://en.wikipedia.org/wiki/D._B._Cooper,What is a common conspiracy theory related to D.B. Cooper?,conspiracy theory,['He survived and lived under a new identity'],He was abducted by aliens
D.B. Cooper,https://en.wikipedia.org/wiki/D._B._Cooper,How does D.B. Cooper relate to modern events or debates?,modern relevance,"[""He remains one of America's greatest unsolved crimes""]",He was identified using DNA evidence
Kevin Mitnick,https://en.wikipedia.org/wiki/Kevin_Mitnick,What is Kevin Mitnick?,definition,['A notorious hacker turned security consultant'],A software engineer for Google
Kevin Mitnick,https://en.wikipedia.org/wiki/Kevin_Mitnick,When did Kevin Mitnick become widely known?,historical timing,['1980s-1990s'],2010s
Kevin Mitnick,https://en.wikipedia.org/wiki/Kevin_Mitnick,Where is Kevin Mitnick primarily associated with?,location,['United States'],Russia
Kevin Mitnick,https://en.wikipedia.org/wiki/Kevin_Mitnick,Who is most famously associated with Kevin Mitnick?,associated person,['Himself'],Julian Assange
Kevin Mitnick,https://en.wikipedia.org/wiki/Kevin_Mitnick,What controversy is associated with Kevin Mitnick?,controversy,['Unauthorized access to corporate networks'],Running a cryptocurrency scam
Kevin Mitnick,https://en.wikipedia.org/wiki/Kevin_Mitnick,Which government agency or organization has been linked to Kevin Mitnick?,linked organization,['FBI (as a target of investigations)'],MIT
Kevin Mitnick,https://en.wikipedia.org/wiki/Kevin_Mitnick,Has Kevin Mitnick been officially confirmed by authorities?,official confirmation,['Arrested and convicted in 1995'],Escaped arrest
Kevin Mitnick,https://en.wikipedia.org/wiki/Kevin_Mitnick,What major event was influenced by Kevin Mitnick?,influenced event,['Stronger cybersecurity laws'],The fall of the Soviet Union
Kevin Mitnick,https://en.wikipedia.org/wiki/Kevin_Mitnick,What is a common conspiracy theory related to Kevin Mitnick?,conspiracy theory,['The government exaggerated his capabilities'],He was an alien hacker
Kevin Mitnick,https://en.wikipedia.org/wiki/Kevin_Mitnick,How does Kevin Mitnick relate to modern events or debates?,modern relevance,['A case study in cybersecurity ethics'],No longer discussed
Epstein Associates,https://en.wikipedia.org/wiki/Jeffrey_Epstein,What is Epstein Associates?,definition,"[""People linked to Jeffrey Epstein's activities""]",A group of philanthropists
Epstein Associates,https://en.wikipedia.org/wiki/Jeffrey_Epstein,When did Epstein Associates become widely known?,historical timing,['1990s-2010s'],1800s
Epstein Associates,https://en.wikipedia.org/wiki/Jeffrey_Epstein,Where is Epstein Associates primarily associated with?,location,['United States'],Switzerland
Epstein Associates,https://en.wikipedia.org/wiki/Jeffrey_Epstein,Who is most famously associated with Epstein Associates?,associated person,['Ghislaine Maxwell'],Bill Gates
Epstein Associates,https://en.wikipedia.org/wiki/Jeffrey_Epstein,What controversy is associated with Epstein Associates?,controversy,['Human trafficking and sexual abuse'],Investment fraud
Epstein Associates,https://en.wikipedia.org/wiki/Jeffrey_Epstein,Which government agency or organization has been linked to Epstein Associates?,linked organization,"[""Epstein's private network""]",World Bank
Epstein Associates,https://en.wikipedia.org/wiki/Jeffrey_Epstein,Has Epstein Associates been officially confirmed by authorities?,official confirmation,['Convictions and evidence confirm crimes'],Still unverified
Epstein Associates,https://en.wikipedia.org/wiki/Jeffrey_Epstein,What major event was influenced by Epstein Associates?,influenced event,['Greater scrutiny of elite networks'],Changes in medical ethics
Epstein Associates,https://en.wikipedia.org/wiki/Jeffrey_Epstein,What is a common conspiracy theory related to Epstein Associates?,conspiracy theory,['High-profile individuals were involved'],He was secretly working for the CIA
Epstein Associates,https://en.wikipedia.org/wiki/Jeffrey_Epstein,How does Epstein Associates relate to modern events or debates?,modern relevance,['Legal proceedings and investigations continue'],It was a minor scandal with no impact
Unit 731,https://en.wikipedia.org/wiki/Unit_731,What is Unit 731?,definition,['A Japanese WWII biological warfare unit'],A covert US intelligence group
Unit 731,https://en.wikipedia.org/wiki/Unit_731,When did Unit 731 become widely known?,historical timing,['1930s-1945'],1950s-1970s
Unit 731,https://en.wikipedia.org/wiki/Unit_731,Where is Unit 731 primarily associated with?,location,['China (Manchuria)'],Japan
Unit 731,https://en.wikipedia.org/wiki/Unit_731,Who is most famously associated with Unit 731?,associated person,['Shirō Ishii'],Albert Einstein
Unit 731,https://en.wikipedia.org/wiki/Unit_731,What controversy is associated with Unit 731?,controversy,['Inhumane experiments on prisoners'],A government cover-up of nuclear weapons
Unit 731,https://en.wikipedia.org/wiki/Unit_731,Which government agency or organization has been linked to Unit 731?,linked organization,['Imperial Japanese Army'],NATO
Unit 731,https://en.wikipedia.org/wiki/Unit_731,Has Unit 731 been officially confirmed by authorities?,official confirmation,['Confirmed through historical evidence'],Completely fabricated
Unit 731,https://en.wikipedia.org/wiki/Unit_731,What major event was influenced by Unit 731?,influenced event,['Stronger international bans on biological warfare'],The start of the Cold War
Unit 731,https://en.wikipedia.org/wiki/Unit_731,What is a common conspiracy theory related to Unit 731?,conspiracy theory,['The U.S. secretly pardoned its leaders'],Aliens were involved
Unit 731,https://en.wikipedia.org/wiki/Unit_731,How does Unit 731 relate to modern events or debates?,modern relevance,['Used as an example of war crimes and ethics violations'],No longer relevant
The Zodiac Killer,https://en.wikipedia.org/wiki/Zodiac_Killer,What is The Zodiac Killer?,definition,['An unidentified serial killer in California'],A famous Hollywood director
The Zodiac Killer,https://en.wikipedia.org/wiki/Zodiac_Killer,When did The Zodiac Killer become widely known?,historical timing,['Late 1960s-1970s'],Early 1900s
The Zodiac Killer,https://en.wikipedia.org/wiki/Zodiac_Killer,Where is The Zodiac Killer primarily associated with?,location,['San Francisco Bay Area'],Chicago
The Zodiac Killer,https://en.wikipedia.org/wiki/Zodiac_Killer,Who is most famously associated with The Zodiac Killer?,associated person,['No confirmed identity'],Alfred Hitchcock
The Zodiac Killer,https://en.wikipedia.org/wiki/Zodiac_Killer,What controversy is associated with The Zodiac Killer?,controversy,['The killer was never caught'],The FBI covered up his arrest
The Zodiac Killer,https://en.wikipedia.org/wiki/Zodiac_Killer,Which government agency or organization has been linked to The Zodiac Killer?,linked organization,['San Francisco Police Department'],Interpol
The Zodiac Killer,https://en.wikipedia.org/wiki/Zodiac_Killer,Has The Zodiac Killer been officially confirmed by authorities?,official confirmation,['Unsolved case'],Solved in 1990
The Zodiac Killer,https://en.wikipedia.org/wiki/Zodiac_Killer,What major event was influenced by The Zodiac Killer?,influenced event,['Inspired forensic advancements'],The rise of modern art
The Zodiac Killer,https://en.wikipedia.org/wiki/Zodiac_Killer,What is a common conspiracy theory related to The Zodiac Killer?,conspiracy theory,['He was actually a government agent'],He was a time traveler
The Zodiac Killer,https://en.wikipedia.org/wiki/Zodiac_Killer,How does The Zodiac Killer relate to modern events or debates?,modern relevance,['One of the most famous unsolved murder cases'],Case closed with no impact today
MKUltra,https://en.wikipedia.org/wiki/Project_MKUltra,What is MKUltra?,definition,['A CIA program for mind control experiments'],A NASA space exploration initiative
MKUltra,https://en.wikipedia.org/wiki/Project_MKUltra,When did MKUltra become widely known?,historical timing,['1953-1973'],1990-2000
MKUltra,https://en.wikipedia.org/wiki/Project_MKUltra,Where is MKUltra primarily associated with?,location,['United States'],Soviet Union
MKUltra,https://en.wikipedia.org/wiki/Project_MKUltra,Who is most famously associated with MKUltra?,associated person,['Sidney Gottlieb'],Wernher von Braun
MKUltra,https://en.wikipedia.org/wiki/Project_MKUltra,What controversy is associated with MKUltra?,controversy,['Unethical human experiments'],A failed missile project
MKUltra,https://en.wikipedia.org/wiki/Project_MKUltra,Which government agency or organization has been linked to MKUltra?,linked organization,['CIA'],NASA
MKUltra,https://en.wikipedia.org/wiki/Project_MKUltra,Has MKUltra been officially confirmed by authorities?,official confirmation,['Declassified in the 1970s'],Still classified
MKUltra,https://en.wikipedia.org/wiki/Project_MKUltra,What major event was influenced by MKUltra?,influenced event,['Stronger ethical regulations on human research'],Advances in aerodynamics
MKUltra,https://en.wikipedia.org/wiki/Project_MKUltra,What is a common conspiracy theory related to MKUltra?,conspiracy theory,['It aimed to create brainwashed assassins'],It was a cover for an alien research project
MKUltra,https://en.wikipedia.org/wiki/Project_MKUltra,How does MKUltra relate to modern events or debates?,modern relevance,['It is referenced in discussions about government overreach'],It led to the development of AI technology
Satoshi Nakamoto,https://en.wikipedia.org/wiki/Satoshi_Nakamoto,What is Satoshi Nakamoto?,definition,['The pseudonymous creator of Bitcoin'],A Japanese financial regulator
Satoshi Nakamoto,https://en.wikipedia.org/wiki/Satoshi_Nakamoto,When did Satoshi Nakamoto become widely known?,historical timing,['2008'],1995
Satoshi Nakamoto,https://en.wikipedia.org/wiki/Satoshi_Nakamoto,Where is Satoshi Nakamoto primarily associated with?,location,['Unknown'],"Tokyo, Japan"
Satoshi Nakamoto,https://en.wikipedia.org/wiki/Satoshi_Nakamoto,Who is most famously associated with Satoshi Nakamoto?,associated person,['No confirmed identity'],Elon Musk
Satoshi Nakamoto,https://en.wikipedia.org/wiki/Satoshi_Nakamoto,What controversy is associated with Satoshi Nakamoto?,controversy,"[""Anonymity and control over Bitcoin's early supply""]",Involvement in online gambling
Satoshi Nakamoto,https://en.wikipedia.org/wiki/Satoshi_Nakamoto,Which government agency or organization has been linked to Satoshi Nakamoto?,linked organization,['Bitcoin developers'],Bank of Japan
Satoshi Nakamoto,https://en.wikipedia.org/wiki/Satoshi_Nakamoto,Has Satoshi Nakamoto been officially confirmed by authorities?,official confirmation,['Never identified'],Confirmed as a single person
Satoshi Nakamoto,https://en.wikipedia.org/wiki/Satoshi_Nakamoto,What major event was influenced by Satoshi Nakamoto?,influenced event,['The rise of cryptocurrency'],The dot-com bubble crash
Satoshi Nakamoto,https://en.wikipedia.org/wiki/Satoshi_Nakamoto,What is a common conspiracy theory related to Satoshi Nakamoto?,conspiracy theory,['He is actually a group of developers'],He is an AI program
Satoshi Nakamoto,https://en.wikipedia.org/wiki/Satoshi_Nakamoto,How does Satoshi Nakamoto relate to modern events or debates?,modern relevance,['His creation led to blockchain innovations'],He works as a crypto regulator now
Ross Ulbricht,https://en.wikipedia.org/wiki/Ross_Ulbricht,What is Ross Ulbricht?,definition,"['The founder of Silk Road, a darknet marketplace']",A cybersecurity expert at MIT
Ross Ulbricht,https://en.wikipedia.org/wiki/Ross_Ulbricht,When did Ross Ulbricht become widely known?,historical timing,['2011'],1999
Ross Ulbricht,https://en.wikipedia.org/wiki/Ross_Ulbricht,Where is Ross Ulbricht primarily associated with?,location,['United States'],Germany
Ross Ulbricht,https://en.wikipedia.org/wiki/Ross_Ulbricht,Who is most famously associated with Ross Ulbricht?,associated person,['Dread Pirate Roberts (his online alias)'],Julian Assange
Ross Ulbricht,https://en.wikipedia.org/wiki/Ross_Ulbricht,What controversy is associated with Ross Ulbricht?,controversy,['Silk Road facilitated illegal drug trade'],He was framed by the FBI
Ross Ulbricht,https://en.wikipedia.org/wiki/Ross_Ulbricht,Which government agency or organization has been linked to Ross Ulbricht?,linked organization,['Darknet forums'],Interpol
Ross Ulbricht,https://en.wikipedia.org/wiki/Ross_Ulbricht,Has Ross Ulbricht been officially confirmed by authorities?,official confirmation,['Convicted and sentenced to life in prison'],Pardoned in 2021
Ross Ulbricht,https://en.wikipedia.org/wiki/Ross_Ulbricht,What major event was influenced by Ross Ulbricht?,influenced event,['The crackdown on darknet markets'],The collapse of Bitcoin
Ross Ulbricht,https://en.wikipedia.org/wiki/Ross_Ulbricht,What is a common conspiracy theory related to Ross Ulbricht?,conspiracy theory,['He was a scapegoat for a larger organization'],He is still running Silk Road under another alias
Ross Ulbricht,https://en.wikipedia.org/wiki/Ross_Ulbricht,How does Ross Ulbricht relate to modern events or debates?,modern relevance,['His case is debated in discussions about internet freedom'],He became an ethical hacker for the FBI
Nikolai Yezhov,https://en.wikipedia.org/wiki/Nikolai_Yezhov,What is Nikolai Yezhov?,definition,['A Soviet secret police chief purged by Stalin'],A prominent Russian poet
Nikolai Yezhov,https://en.wikipedia.org/wiki/Nikolai_Yezhov,When did Nikolai Yezhov become widely known?,historical timing,['1930s'],1880s
Nikolai Yezhov,https://en.wikipedia.org/wiki/Nikolai_Yezhov,Where is Nikolai Yezhov primarily associated with?,location,['Soviet Union'],France
Nikolai Yezhov,https://en.wikipedia.org/wiki/Nikolai_Yezhov,Who is most famously associated with Nikolai Yezhov?,associated person,['Joseph Stalin'],Vladimir Lenin
Nikolai Yezhov,https://en.wikipedia.org/wiki/Nikolai_Yezhov,What controversy is associated with Nikolai Yezhov?,controversy,['Oversaw mass executions before being purged'],Led Soviet economic reforms
Nikolai Yezhov,https://en.wikipedia.org/wiki/Nikolai_Yezhov,Which government agency or organization has been linked to Nikolai Yezhov?,linked organization,['NKVD'],UNESCO
Nikolai Yezhov,https://en.wikipedia.org/wiki/Nikolai_Yezhov,Has Nikolai Yezhov been officially confirmed by authorities?,official confirmation,['Executed in 1940'],Escaped and became a diplomat
Nikolai Yezhov,https://en.wikipedia.org/wiki/Nikolai_Yezhov,What major event was influenced by Nikolai Yezhov?,influenced event,['The Great Purge'],The fall of the Soviet Union
Nikolai Yezhov,https://en.wikipedia.org/wiki/Nikolai_Yezhov,What is a common conspiracy theory related to Nikolai Yezhov?,conspiracy theory,['He was secretly spared'],He was a German spy
Nikolai Yezhov,https://en.wikipedia.org/wiki/Nikolai_Yezhov,How does Nikolai Yezhov relate to modern events or debates?,modern relevance,['Studied in historical purges'],No longer relevant
Lavrentiy Beria,https://en.wikipedia.org/wiki/Lavrentiy_Beria,What is Lavrentiy Beria?,definition,"['Head of the Soviet NKVD, Stalin’s secret police']",A famous Soviet composer
Lavrentiy Beria,https://en.wikipedia.org/wiki/Lavrentiy_Beria,When did Lavrentiy Beria become widely known?,historical timing,['1930s-1953'],1880s
Lavrentiy Beria,https://en.wikipedia.org/wiki/Lavrentiy_Beria,Where is Lavrentiy Beria primarily associated with?,location,['Soviet Union'],United States
Lavrentiy Beria,https://en.wikipedia.org/wiki/Lavrentiy_Beria,Who is most famously associated with Lavrentiy Beria?,associated person,['Joseph Stalin'],Winston Churchill
Lavrentiy Beria,https://en.wikipedia.org/wiki/Lavrentiy_Beria,What controversy is associated with Lavrentiy Beria?,controversy,['Mass political purges and executions'],Financial corruption
Lavrentiy Beria,https://en.wikipedia.org/wiki/Lavrentiy_Beria,Which government agency or organization has been linked to Lavrentiy Beria?,linked organization,['NKVD (Soviet Secret Police)'],United Nations
Lavrentiy Beria,https://en.wikipedia.org/wiki/Lavrentiy_Beria,Has Lavrentiy Beria been officially confirmed by authorities?,official confirmation,['Executed in 1953'],Escaped and lived in exile
Lavrentiy Beria,https://en.wikipedia.org/wiki/Lavrentiy_Beria,What major event was influenced by Lavrentiy Beria?,influenced event,['The fall of Stalinism'],The discovery of penicillin
Lavrentiy Beria,https://en.wikipedia.org/wiki/Lavrentiy_Beria,What is a common conspiracy theory related to Lavrentiy Beria?,conspiracy theory,['He secretly survived his execution'],He was a spy for the British
Lavrentiy Beria,https://en.wikipedia.org/wiki/Lavrentiy_Beria,How does Lavrentiy Beria relate to modern events or debates?,modern relevance,['Studied as an example of political repression'],Not relevant in modern discussions
Iran-Contra Affair,https://en.wikipedia.org/wiki/Iran%E2%80%93Contra_affair,What is Iran-Contra Affair?,definition,['A U.S. political scandal involving arms sales to Iran'],A military coup in South America
Iran-Contra Affair,https://en.wikipedia.org/wiki/Iran%E2%80%93Contra_affair,When did Iran-Contra Affair become widely known?,historical timing,['1980s'],1970s
Iran-Contra Affair,https://en.wikipedia.org/wiki/Iran%E2%80%93Contra_affair,Where is Iran-Contra Affair primarily associated with?,location,['United States and Central America'],Middle East and China
Iran-Contra Affair,https://en.wikipedia.org/wiki/Iran%E2%80%93Contra_affair,Who is most famously associated with Iran-Contra Affair?,associated person,['Oliver North'],Henry Kissinger
Iran-Contra Affair,https://en.wikipedia.org/wiki/Iran%E2%80%93Contra_affair,What controversy is associated with Iran-Contra Affair?,controversy,['Illegal arms sales to fund Nicaraguan rebels'],A secret assassination program
Iran-Contra Affair,https://en.wikipedia.org/wiki/Iran%E2%80%93Contra_affair,Which government agency or organization has been linked to Iran-Contra Affair?,linked organization,['CIA and Reagan Administration'],United Nations
Iran-Contra Affair,https://en.wikipedia.org/wiki/Iran%E2%80%93Contra_affair,Has Iran-Contra Affair been officially confirmed by authorities?,official confirmation,['Publicly exposed in 1986'],Remains classified
Iran-Contra Affair,https://en.wikipedia.org/wiki/Iran%E2%80%93Contra_affair,What major event was influenced by Iran-Contra Affair?,influenced event,['Changes in U.S. foreign policy'],The end of the Vietnam War
Iran-Contra Affair,https://en.wikipedia.org/wiki/Iran%E2%80%93Contra_affair,What is a common conspiracy theory related to Iran-Contra Affair?,conspiracy theory,['CIA involvement in drug trafficking'],The U.S. was planning a coup in Canada
Iran-Contra Affair,https://en.wikipedia.org/wiki/Iran%E2%80%93Contra_affair,How does Iran-Contra Affair relate to modern events or debates?,modern relevance,['Debated in discussions about executive overreach'],It remains a Cold War myth
Tuskegee Syphilis Experiment,https://en.wikipedia.org/wiki/Tuskegee_Syphilis_Study,What is Tuskegee Syphilis Experiment?,definition,['A U.S. study that withheld treatment from Black men'],An ethical vaccination study
Tuskegee Syphilis Experiment,https://en.wikipedia.org/wiki/Tuskegee_Syphilis_Study,When did Tuskegee Syphilis Experiment become widely known?,historical timing,['1932-1972'],1910-1920
Tuskegee Syphilis Experiment,https://en.wikipedia.org/wiki/Tuskegee_Syphilis_Study,Where is Tuskegee Syphilis Experiment primarily associated with?,location,"['Tuskegee, Alabama']","Los Angeles, California"
Tuskegee Syphilis Experiment,https://en.wikipedia.org/wiki/Tuskegee_Syphilis_Study,Who is most famously associated with Tuskegee Syphilis Experiment?,associated person,['Dr. John Charles Cutler'],Jonas Salk
Tuskegee Syphilis Experiment,https://en.wikipedia.org/wiki/Tuskegee_Syphilis_Study,What controversy is associated with Tuskegee Syphilis Experiment?,controversy,['Lack of informed consent for study participants'],Use of unapproved vaccines
Tuskegee Syphilis Experiment,https://en.wikipedia.org/wiki/Tuskegee_Syphilis_Study,Which government agency or organization has been linked to Tuskegee Syphilis Experiment?,linked organization,['U.S. Public Health Service'],World Health Organization
Tuskegee Syphilis Experiment,https://en.wikipedia.org/wiki/Tuskegee_Syphilis_Study,Has Tuskegee Syphilis Experiment been officially confirmed by authorities?,official confirmation,['Revealed in 1972'],Still under investigation
Tuskegee Syphilis Experiment,https://en.wikipedia.org/wiki/Tuskegee_Syphilis_Study,What major event was influenced by Tuskegee Syphilis Experiment?,influenced event,['Stronger ethical protections in medical research'],A ban on all vaccine trials
Tuskegee Syphilis Experiment,https://en.wikipedia.org/wiki/Tuskegee_Syphilis_Study,What is a common conspiracy theory related to Tuskegee Syphilis Experiment?,conspiracy theory,['It was intended to harm Black communities'],It was part of a wider alien experiment
Tuskegee Syphilis Experiment,https://en.wikipedia.org/wiki/Tuskegee_Syphilis_Study,How does Tuskegee Syphilis Experiment relate to modern events or debates?,modern relevance,['Raised distrust in government healthcare programs'],It is now dismissed as a hoax
Operation Gladio,https://en.wikipedia.org/wiki/Operation_Gladio,What is Operation Gladio?,definition,['A secret NATO stay-behind operation'],A Cold War peacekeeping mission
Operation Gladio,https://en.wikipedia.org/wiki/Operation_Gladio,When did Operation Gladio become widely known?,historical timing,['1940s-1990s'],1900-1920
Operation Gladio,https://en.wikipedia.org/wiki/Operation_Gladio,Where is Operation Gladio primarily associated with?,location,['Western Europe'],South America
Operation Gladio,https://en.wikipedia.org/wiki/Operation_Gladio,Who is most famously associated with Operation Gladio?,associated person,['Licio Gelli'],Dwight D. Eisenhower
Operation Gladio,https://en.wikipedia.org/wiki/Operation_Gladio,What controversy is associated with Operation Gladio?,controversy,['Ties to political assassinations and false flag attacks'],Involvement in nuclear bomb development
Operation Gladio,https://en.wikipedia.org/wiki/Operation_Gladio,Which government agency or organization has been linked to Operation Gladio?,linked organization,['NATO and CIA'],The United Nations
Operation Gladio,https://en.wikipedia.org/wiki/Operation_Gladio,Has Operation Gladio been officially confirmed by authorities?,official confirmation,['Exposed in the 1990s'],Never confirmed
Operation Gladio,https://en.wikipedia.org/wiki/Operation_Gladio,What major event was influenced by Operation Gladio?,influenced event,['Increased scrutiny of intelligence agencies'],The rise of international trade agreements
Operation Gladio,https://en.wikipedia.org/wiki/Operation_Gladio,What is a common conspiracy theory related to Operation Gladio?,conspiracy theory,['It secretly orchestrated terrorist attacks'],It was run by extraterrestrials
Operation Gladio,https://en.wikipedia.org/wiki/Operation_Gladio,How does Operation Gladio relate to modern events or debates?,modern relevance,['Used as an example of Cold War covert operations'],It is largely forgotten in history
Flight MH370 Disappearance,https://en.wikipedia.org/wiki/Malaysia_Airlines_Flight_370,What is Flight MH370 Disappearance?,definition,['A Malaysia Airlines flight that vanished in 2014'],A terrorist hijacking in 2001
Flight MH370 Disappearance,https://en.wikipedia.org/wiki/Malaysia_Airlines_Flight_370,When did Flight MH370 Disappearance become widely known?,historical timing,"['March 8, 2014']",2005
Flight MH370 Disappearance,https://en.wikipedia.org/wiki/Malaysia_Airlines_Flight_370,Where is Flight MH370 Disappearance primarily associated with?,location,['Indian Ocean'],Pacific Ocean
Flight MH370 Disappearance,https://en.wikipedia.org/wiki/Malaysia_Airlines_Flight_370,Who is most famously associated with Flight MH370 Disappearance?,associated person,['Captain Zaharie Ahmad Shah'],Amelia Earhart
Flight MH370 Disappearance,https://en.wikipedia.org/wiki/Malaysia_Airlines_Flight_370,What controversy is associated with Flight MH370 Disappearance?,controversy,['Unexplained disappearance and lack of wreckage'],A deliberate government missile strike
Flight MH370 Disappearance,https://en.wikipedia.org/wiki/Malaysia_Airlines_Flight_370,Which government agency or organization has been linked to Flight MH370 Disappearance?,linked organization,['Malaysia Airlines'],NASA
Flight MH370 Disappearance,https://en.wikipedia.org/wiki/Malaysia_Airlines_Flight_370,Has Flight MH370 Disappearance been officially confirmed by authorities?,official confirmation,['Partial debris confirmed in 2015'],Plane was found in 2018
Flight MH370 Disappearance,https://en.wikipedia.org/wiki/Malaysia_Airlines_Flight_370,What major event was influenced by Flight MH370 Disappearance?,influenced event,['Stronger aviation safety measures'],End of commercial air travel
Flight MH370 Disappearance,https://en.wikipedia.org/wiki/Malaysia_Airlines_Flight_370,What is a common conspiracy theory related to Flight MH370 Disappearance?,conspiracy theory,['It was abducted by aliens'],It secretly landed in Antarctica
Flight MH370 Disappearance,https://en.wikipedia.org/wiki/Malaysia_Airlines_Flight_370,How does Flight MH370 Disappearance relate to modern events or debates?,modern relevance,['Still considered one of aviation’s greatest mysteries'],It is no longer investigated
Bohemian Grove,https://en.wikipedia.org/wiki/Bohemian_Grove,What is Bohemian Grove?,definition,['A secret retreat for political and business elites'],A public annual music festival
Bohemian Grove,https://en.wikipedia.org/wiki/Bohemian_Grove,When did Bohemian Grove become widely known?,historical timing,['Founded in 1872'],First held in 1950
Bohemian Grove,https://en.wikipedia.org/wiki/Bohemian_Grove,Where is Bohemian Grove primarily associated with?,location,"['California, USA']","London, UK"
Bohemian Grove,https://en.wikipedia.org/wiki/Bohemian_Grove,Who is most famously associated with Bohemian Grove?,associated person,['Richard Nixon'],Pope Francis
Bohemian Grove,https://en.wikipedia.org/wiki/Bohemian_Grove,What controversy is associated with Bohemian Grove?,controversy,['Secrecy surrounding meetings'],Financial fraud scandals
Bohemian Grove,https://en.wikipedia.org/wiki/Bohemian_Grove,Which government agency or organization has been linked to Bohemian Grove?,linked organization,['The Bohemian Club'],The European Union
Bohemian Grove,https://en.wikipedia.org/wiki/Bohemian_Grove,Has Bohemian Grove been officially confirmed by authorities?,official confirmation,['Documented but private'],Officially classified
Bohemian Grove,https://en.wikipedia.org/wiki/Bohemian_Grove,What major event was influenced by Bohemian Grove?,influenced event,['The creation of informal political alliances'],The signing of the Geneva Conventions
Bohemian Grove,https://en.wikipedia.org/wiki/Bohemian_Grove,What is a common conspiracy theory related to Bohemian Grove?,conspiracy theory,['It hosts occult rituals'],It controls global weather patterns
Bohemian Grove,https://en.wikipedia.org/wiki/Bohemian_Grove,How does Bohemian Grove relate to modern events or debates?,modern relevance,['Used as an example of elite networking'],It has been outlawed by the U.S. government
CIA-backed Coups,https://en.wikipedia.org/wiki/United_States_involvement_in_regime_change,What is CIA-backed Coups?,definition,['U.S. government-led covert regime changes'],A UN peacekeeping mission
CIA-backed Coups,https://en.wikipedia.org/wiki/United_States_involvement_in_regime_change,When did CIA-backed Coups become widely known?,historical timing,['20th century (Cold War era)'],1800s
CIA-backed Coups,https://en.wikipedia.org/wiki/United_States_involvement_in_regime_change,Where is CIA-backed Coups primarily associated with?,location,"['Latin America, Middle East, Africa']",Western Europe
CIA-backed Coups,https://en.wikipedia.org/wiki/United_States_involvement_in_regime_change,Who is most famously associated with CIA-backed Coups?,associated person,['Allen Dulles'],John F. Kennedy
CIA-backed Coups,https://en.wikipedia.org/wiki/United_States_involvement_in_regime_change,What controversy is associated with CIA-backed Coups?,controversy,['Overthrow of democratically elected leaders'],Involvement in space exploration
CIA-backed Coups,https://en.wikipedia.org/wiki/United_States_involvement_in_regime_change,Which government agency or organization has been linked to CIA-backed Coups?,linked organization,['CIA and U.S. State Department'],European Union
CIA-backed Coups,https://en.wikipedia.org/wiki/United_States_involvement_in_regime_change,Has CIA-backed Coups been officially confirmed by authorities?,official confirmation,['Declassified documents confirm U.S. involvement'],Still classified
CIA-backed Coups,https://en.wikipedia.org/wiki/United_States_involvement_in_regime_change,What major event was influenced by CIA-backed Coups?,influenced event,['Rise of authoritarian regimes'],Formation of NATO
CIA-backed Coups,https://en.wikipedia.org/wiki/United_States_involvement_in_regime_change,What is a common conspiracy theory related to CIA-backed Coups?,conspiracy theory,['The CIA assassinated world leaders'],Aliens directed U.S. foreign policy
CIA-backed Coups,https://en.wikipedia.org/wiki/United_States_involvement_in_regime_change,How does CIA-backed Coups relate to modern events or debates?,modern relevance,['Continues to affect global politics'],No longer relevant
Pine Gap,https://en.wikipedia.org/wiki/Pine_Gap,What is Pine Gap?,definition,['A secret U.S.-Australian intelligence facility'],A volcanic island
Pine Gap,https://en.wikipedia.org/wiki/Pine_Gap,When did Pine Gap become widely known?,historical timing,['Established in 1966'],Built in the 1920s
Pine Gap,https://en.wikipedia.org/wiki/Pine_Gap,Where is Pine Gap primarily associated with?,location,['Australia'],Greenland
Pine Gap,https://en.wikipedia.org/wiki/Pine_Gap,Who is most famously associated with Pine Gap?,associated person,['Edward Snowden (revealed its surveillance role)'],Winston Churchill
Pine Gap,https://en.wikipedia.org/wiki/Pine_Gap,What controversy is associated with Pine Gap?,controversy,['Mass surveillance and drone targeting'],Use of nuclear testing
Pine Gap,https://en.wikipedia.org/wiki/Pine_Gap,Which government agency or organization has been linked to Pine Gap?,linked organization,['NSA and CIA'],World Health Organization
Pine Gap,https://en.wikipedia.org/wiki/Pine_Gap,Has Pine Gap been officially confirmed by authorities?,official confirmation,['Acknowledged by Australian and U.S. governments'],Officially denied
Pine Gap,https://en.wikipedia.org/wiki/Pine_Gap,What major event was influenced by Pine Gap?,influenced event,['Revealed in leaked NSA documents'],Discovery of a new energy source
Pine Gap,https://en.wikipedia.org/wiki/Pine_Gap,What is a common conspiracy theory related to Pine Gap?,conspiracy theory,['It controls global weather patterns'],It houses an alien civilization
Pine Gap,https://en.wikipedia.org/wiki/Pine_Gap,How does Pine Gap relate to modern events or debates?,modern relevance,['A key U.S. intelligence asset in Asia-Pacific'],Decommissioned in 2005
Dulce Base,https://en.wikipedia.org/wiki/Dulce_Base,What is Dulce Base?,definition,['An alleged underground military base with extraterrestrial activity'],A U.S. Navy airfield
Dulce Base,https://en.wikipedia.org/wiki/Dulce_Base,When did Dulce Base become widely known?,historical timing,['Conspiracy emerged in the 1970s'],First reported in 2001
Dulce Base,https://en.wikipedia.org/wiki/Dulce_Base,Where is Dulce Base primarily associated with?,location,"['Dulce, New Mexico']",Area 51
Dulce Base,https://en.wikipedia.org/wiki/Dulce_Base,Who is most famously associated with Dulce Base?,associated person,['Phil Schneider'],Elon Musk
Dulce Base,https://en.wikipedia.org/wiki/Dulce_Base,What controversy is associated with Dulce Base?,controversy,['Claims of human-alien hybrid experiments'],A financial scandal
Dulce Base,https://en.wikipedia.org/wiki/Dulce_Base,Which government agency or organization has been linked to Dulce Base?,linked organization,['U.S. military and secret programs'],United Nations
Dulce Base,https://en.wikipedia.org/wiki/Dulce_Base,Has Dulce Base been officially confirmed by authorities?,official confirmation,['No official confirmation'],Declassified in 1995
Dulce Base,https://en.wikipedia.org/wiki/Dulce_Base,What major event was influenced by Dulce Base?,influenced event,['Inspired UFO conspiracy theories'],Formation of the United Nations
Dulce Base,https://en.wikipedia.org/wiki/Dulce_Base,What is a common conspiracy theory related to Dulce Base?,conspiracy theory,['It houses alien-human hybrids'],It is the site of time travel experiments
Dulce Base,https://en.wikipedia.org/wiki/Dulce_Base,How does Dulce Base relate to modern events or debates?,modern relevance,['Frequently cited in UFO disclosure discussions'],Debunked and forgotten
Diego Garcia,https://en.wikipedia.org/wiki/Diego_Garcia,What is Diego Garcia?,definition,['A remote island used as a U.S. military base'],A tropical tourist destination
Diego Garcia,https://en.wikipedia.org/wiki/Diego_Garcia,When did Diego Garcia become widely known?,historical timing,['Leased to the U.S. in the 1960s'],Founded in the 1800s
Diego Garcia,https://en.wikipedia.org/wiki/Diego_Garcia,Where is Diego Garcia primarily associated with?,location,['Indian Ocean'],Caribbean
Diego Garcia,https://en.wikipedia.org/wiki/Diego_Garcia,Who is most famously associated with Diego Garcia?,associated person,['British and U.S. military officials'],Christopher Columbus
Diego Garcia,https://en.wikipedia.org/wiki/Diego_Garcia,What controversy is associated with Diego Garcia?,controversy,['Forced displacement of native Chagossians'],Illegal whaling activities
Diego Garcia,https://en.wikipedia.org/wiki/Diego_Garcia,Which government agency or organization has been linked to Diego Garcia?,linked organization,['U.S. and UK governments'],Greenpeace
Diego Garcia,https://en.wikipedia.org/wiki/Diego_Garcia,Has Diego Garcia been officially confirmed by authorities?,official confirmation,['Military use confirmed'],Officially denied
Diego Garcia,https://en.wikipedia.org/wiki/Diego_Garcia,What major event was influenced by Diego Garcia?,influenced event,['Human rights debates at the UN'],Global tourism industry
Diego Garcia,https://en.wikipedia.org/wiki/Diego_Garcia,What is a common conspiracy theory related to Diego Garcia?,conspiracy theory,['Used as a CIA black site'],Hides a secret ancient civilization
Diego Garcia,https://en.wikipedia.org/wiki/Diego_Garcia,How does Diego Garcia relate to modern events or debates?,modern relevance,['Still a contested political issue'],Now a wildlife sanctuary
North Sentinel Island,https://en.wikipedia.org/wiki/North_Sentinel_Island,What is North Sentinel Island?,definition,['An island home to an uncontacted indigenous tribe'],A lost city of Atlantis
North Sentinel Island,https://en.wikipedia.org/wiki/North_Sentinel_Island,When did North Sentinel Island become widely known?,historical timing,"['Known for centuries, first documented in 18th century']",Discovered in 2000
North Sentinel Island,https://en.wikipedia.org/wiki/North_Sentinel_Island,Where is North Sentinel Island primarily associated with?,location,['Bay of Bengal'],Mediterranean Sea
North Sentinel Island,https://en.wikipedia.org/wiki/North_Sentinel_Island,Who is most famously associated with North Sentinel Island?,associated person,['The Sentinelese people'],Famous archaeologists
North Sentinel Island,https://en.wikipedia.org/wiki/North_Sentinel_Island,What controversy is associated with North Sentinel Island?,controversy,['Indian government bans contact for protection'],Used as a secret military base
North Sentinel Island,https://en.wikipedia.org/wiki/North_Sentinel_Island,Which government agency or organization has been linked to North Sentinel Island?,linked organization,['Indian Government'],NASA
North Sentinel Island,https://en.wikipedia.org/wiki/North_Sentinel_Island,Has North Sentinel Island been officially confirmed by authorities?,official confirmation,['Tribe remains uncontacted'],Island is open to tourists
North Sentinel Island,https://en.wikipedia.org/wiki/North_Sentinel_Island,What major event was influenced by North Sentinel Island?,influenced event,['Laws to protect uncontacted tribes'],Discovery of ancient artifacts
North Sentinel Island,https://en.wikipedia.org/wiki/North_Sentinel_Island,What is a common conspiracy theory related to North Sentinel Island?,conspiracy theory,['They have advanced technology'],The island disappears at night
North Sentinel Island,https://en.wikipedia.org/wiki/North_Sentinel_Island,How does North Sentinel Island relate to modern events or debates?,modern relevance,['Debated in anthropology and human rights'],Not discussed anymore
Room 39 (North Korea),https://en.wikipedia.org/wiki/Office_39,What is Room 39 (North Korea)?,definition,['A secretive North Korean government bureau'],A luxury hotel
Room 39 (North Korea),https://en.wikipedia.org/wiki/Office_39,When did Room 39 (North Korea) become widely known?,historical timing,['Founded in 1970s'],First mentioned in 2005
Room 39 (North Korea),https://en.wikipedia.org/wiki/Office_39,Where is Room 39 (North Korea) primarily associated with?,location,"['Pyongyang, North Korea']","Tokyo, Japan"
Room 39 (North Korea),https://en.wikipedia.org/wiki/Office_39,Who is most famously associated with Room 39 (North Korea)?,associated person,['Kim family leadership'],U.S. diplomats
Room 39 (North Korea),https://en.wikipedia.org/wiki/Office_39,What controversy is associated with Room 39 (North Korea)?,controversy,['Alleged involvement in illegal financial activities'],A cyber attack center
Room 39 (North Korea),https://en.wikipedia.org/wiki/Office_39,Which government agency or organization has been linked to Room 39 (North Korea)?,linked organization,['North Korean government'],Interpol
Room 39 (North Korea),https://en.wikipedia.org/wiki/Office_39,Has Room 39 (North Korea) been officially confirmed by authorities?,official confirmation,['Exists but details are secret'],Declared a hoax
Room 39 (North Korea),https://en.wikipedia.org/wiki/Office_39,What major event was influenced by Room 39 (North Korea)?,influenced event,['International sanctions'],Development of nuclear fusion
Room 39 (North Korea),https://en.wikipedia.org/wiki/Office_39,What is a common conspiracy theory related to Room 39 (North Korea)?,conspiracy theory,['It funds global criminal networks'],It is a portal to another dimension
Room 39 (North Korea),https://en.wikipedia.org/wiki/Office_39,How does Room 39 (North Korea) relate to modern events or debates?,modern relevance,['Mentioned in discussions about North Korean economy'],No longer relevant
Groom Lake,https://en.wikipedia.org/wiki/Groom_Lake,What is Groom Lake?,definition,['A dried lakebed near Area 51 used for military testing'],A private resort for celebrities
Groom Lake,https://en.wikipedia.org/wiki/Groom_Lake,When did Groom Lake become widely known?,historical timing,['Used since the 1950s'],Discovered in the 1990s
Groom Lake,https://en.wikipedia.org/wiki/Groom_Lake,Where is Groom Lake primarily associated with?,location,"['Nevada, USA']",Sweden
Groom Lake,https://en.wikipedia.org/wiki/Groom_Lake,Who is most famously associated with Groom Lake?,associated person,['U.S. Air Force officials'],Nikola Tesla
Groom Lake,https://en.wikipedia.org/wiki/Groom_Lake,What controversy is associated with Groom Lake?,controversy,['Linked to secret aircraft projects'],Site of an environmental disaster
Groom Lake,https://en.wikipedia.org/wiki/Groom_Lake,Which government agency or organization has been linked to Groom Lake?,linked organization,['U.S. Air Force'],The World Bank
Groom Lake,https://en.wikipedia.org/wiki/Groom_Lake,Has Groom Lake been officially confirmed by authorities?,official confirmation,['Recognized as part of Area 51'],Still classified
Groom Lake,https://en.wikipedia.org/wiki/Groom_Lake,What major event was influenced by Groom Lake?,influenced event,['Stealth aircraft development'],Creation of social media
Groom Lake,https://en.wikipedia.org/wiki/Groom_Lake,What is a common conspiracy theory related to Groom Lake?,conspiracy theory,['It houses extraterrestrial technology'],It is a secret underground city
Groom Lake,https://en.wikipedia.org/wiki/Groom_Lake,How does Groom Lake relate to modern events or debates?,modern relevance,['Mentioned in classified military discussions'],No longer used for research
Oak Ridge National Laboratory,https://en.wikipedia.org/wiki/Oak_Ridge_National_Laboratory,What is Oak Ridge National Laboratory?,definition,['A major U.S. research facility in nuclear science'],An underground intelligence agency
Oak Ridge National Laboratory,https://en.wikipedia.org/wiki/Oak_Ridge_National_Laboratory,When did Oak Ridge National Laboratory become widely known?,historical timing,['Established during WWII'],Built in 1980s
Oak Ridge National Laboratory,https://en.wikipedia.org/wiki/Oak_Ridge_National_Laboratory,Where is Oak Ridge National Laboratory primarily associated with?,location,"['Tennessee, USA']","Geneva, Switzerland"
Oak Ridge National Laboratory,https://en.wikipedia.org/wiki/Oak_Ridge_National_Laboratory,Who is most famously associated with Oak Ridge National Laboratory?,associated person,['Manhattan Project scientists'],Isaac Newton
Oak Ridge National Laboratory,https://en.wikipedia.org/wiki/Oak_Ridge_National_Laboratory,What controversy is associated with Oak Ridge National Laboratory?,controversy,['Involvement in Cold War nuclear research'],Used as a private hacker base
Oak Ridge National Laboratory,https://en.wikipedia.org/wiki/Oak_Ridge_National_Laboratory,Which government agency or organization has been linked to Oak Ridge National Laboratory?,linked organization,['U.S. Department of Energy'],European Space Agency
Oak Ridge National Laboratory,https://en.wikipedia.org/wiki/Oak_Ridge_National_Laboratory,Has Oak Ridge National Laboratory been officially confirmed by authorities?,official confirmation,['Recognized for scientific contributions'],Hidden from public knowledge
Oak Ridge National Laboratory,https://en.wikipedia.org/wiki/Oak_Ridge_National_Laboratory,What major event was influenced by Oak Ridge National Laboratory?,influenced event,['Development of nuclear reactors'],Banning of nuclear power
Oak Ridge National Laboratory,https://en.wikipedia.org/wiki/Oak_Ridge_National_Laboratory,What is a common conspiracy theory related to Oak Ridge National Laboratory?,conspiracy theory,['It secretly stores alien materials'],It has a mind-control program
Oak Ridge National Laboratory,https://en.wikipedia.org/wiki/Oak_Ridge_National_Laboratory,How does Oak Ridge National Laboratory relate to modern events or debates?,modern relevance,['Still a major scientific research center'],Shut down in the 1990s
Porton Down,https://en.wikipedia.org/wiki/Porton_Down,What is Porton Down?,definition,['A secretive UK chemical and biological weapons research facility'],A luxury spa retreat in England
Porton Down,https://en.wikipedia.org/wiki/Porton_Down,When did Porton Down become widely known?,historical timing,['Established in 1916'],First discovered in the 2000s
Porton Down,https://en.wikipedia.org/wiki/Porton_Down,Where is Porton Down primarily associated with?,location,"['Wiltshire, England']",Scotland
Porton Down,https://en.wikipedia.org/wiki/Porton_Down,Who is most famously associated with Porton Down?,associated person,['UK Ministry of Defence scientists'],Alan Turing
Porton Down,https://en.wikipedia.org/wiki/Porton_Down,What controversy is associated with Porton Down?,controversy,['Human testing of chemical agents'],Hoarding of nuclear warheads
Porton Down,https://en.wikipedia.org/wiki/Porton_Down,Which government agency or organization has been linked to Porton Down?,linked organization,['UK Ministry of Defence'],NASA
Porton Down,https://en.wikipedia.org/wiki/Porton_Down,Has Porton Down been officially confirmed by authorities?,official confirmation,['Confirmed as an active research facility'],Shut down in 1950
Porton Down,https://en.wikipedia.org/wiki/Porton_Down,What major event was influenced by Porton Down?,influenced event,['Development of chemical warfare treaties'],Banning of all space travel
Porton Down,https://en.wikipedia.org/wiki/Porton_Down,What is a common conspiracy theory related to Porton Down?,conspiracy theory,['It secretly stores extraterrestrial samples'],It controls global weather patterns
Porton Down,https://en.wikipedia.org/wiki/Porton_Down,How does Porton Down relate to modern events or debates?,modern relevance,['Still operates under UK government oversight'],Now a museum open to the public
Vatican Secret Archives,https://en.wikipedia.org/wiki/Vatican_Apostolic_Archive,What is Vatican Secret Archives?,definition,['A collection of restricted Vatican documents'],A vault of ancient treasure
Vatican Secret Archives,https://en.wikipedia.org/wiki/Vatican_Apostolic_Archive,When did Vatican Secret Archives become widely known?,historical timing,['Established in 1612'],Created in 2005
Vatican Secret Archives,https://en.wikipedia.org/wiki/Vatican_Apostolic_Archive,Where is Vatican Secret Archives primarily associated with?,location,['Vatican City'],Underground London
Vatican Secret Archives,https://en.wikipedia.org/wiki/Vatican_Apostolic_Archive,Who is most famously associated with Vatican Secret Archives?,associated person,['Pope Paul V'],Napoleon Bonaparte
Vatican Secret Archives,https://en.wikipedia.org/wiki/Vatican_Apostolic_Archive,What controversy is associated with Vatican Secret Archives?,controversy,['Limited public access to historical records'],Involvement in drug trafficking
Vatican Secret Archives,https://en.wikipedia.org/wiki/Vatican_Apostolic_Archive,Which government agency or organization has been linked to Vatican Secret Archives?,linked organization,['The Vatican'],CIA
Vatican Secret Archives,https://en.wikipedia.org/wiki/Vatican_Apostolic_Archive,Has Vatican Secret Archives been officially confirmed by authorities?,official confirmation,['Real but restricted to scholars'],Confirmed as a hoax
Vatican Secret Archives,https://en.wikipedia.org/wiki/Vatican_Apostolic_Archive,What major event was influenced by Vatican Secret Archives?,influenced event,['Shaped religious historical studies'],Created secret societies
Vatican Secret Archives,https://en.wikipedia.org/wiki/Vatican_Apostolic_Archive,What is a common conspiracy theory related to Vatican Secret Archives?,conspiracy theory,['Contains proof of extraterrestrial life'],It houses a secret nuclear arsenal
Vatican Secret Archives,https://en.wikipedia.org/wiki/Vatican_Apostolic_Archive,How does Vatican Secret Archives relate to modern events or debates?,modern relevance,['Frequently referenced in historical research'],No longer relevant
The Anarchist Cookbook,https://en.wikipedia.org/wiki/The_Anarchist_Cookbook,What is The Anarchist Cookbook?,definition,['A controversial book with instructions for explosives and hacking'],A cookbook with recipes for anarchists
The Anarchist Cookbook,https://en.wikipedia.org/wiki/The_Anarchist_Cookbook,When did The Anarchist Cookbook become widely known?,historical timing,['Published in 1971'],Written in 1995
The Anarchist Cookbook,https://en.wikipedia.org/wiki/The_Anarchist_Cookbook,Where is The Anarchist Cookbook primarily associated with?,location,['United States'],Russia
The Anarchist Cookbook,https://en.wikipedia.org/wiki/The_Anarchist_Cookbook,Who is most famously associated with The Anarchist Cookbook?,associated person,['William Powell'],George Orwell
The Anarchist Cookbook,https://en.wikipedia.org/wiki/The_Anarchist_Cookbook,What controversy is associated with The Anarchist Cookbook?,controversy,['Used in criminal activities and bomb-making'],Banned due to plagiarism
The Anarchist Cookbook,https://en.wikipedia.org/wiki/The_Anarchist_Cookbook,Which government agency or organization has been linked to The Anarchist Cookbook?,linked organization,['Countercultural movements'],The CIA
The Anarchist Cookbook,https://en.wikipedia.org/wiki/The_Anarchist_Cookbook,Has The Anarchist Cookbook been officially confirmed by authorities?,official confirmation,['The author later denounced it'],It was officially classified as government propaganda
The Anarchist Cookbook,https://en.wikipedia.org/wiki/The_Anarchist_Cookbook,What major event was influenced by The Anarchist Cookbook?,influenced event,['Tighter internet censorship laws'],The creation of vegan anarchist communes
The Anarchist Cookbook,https://en.wikipedia.org/wiki/The_Anarchist_Cookbook,What is a common conspiracy theory related to The Anarchist Cookbook?,conspiracy theory,['It was written as a government trap'],It contains subliminal messages
The Anarchist Cookbook,https://en.wikipedia.org/wiki/The_Anarchist_Cookbook,How does The Anarchist Cookbook relate to modern events or debates?,modern relevance,['Still accessible online despite bans'],It has been erased from all records
The Turner Diaries,https://en.wikipedia.org/wiki/The_Turner_Diaries,What is The Turner Diaries?,definition,['A white supremacist novel'],A banned religious text
The Turner Diaries,https://en.wikipedia.org/wiki/The_Turner_Diaries,When did The Turner Diaries become widely known?,historical timing,['Published in 1978'],Written in the 1800s
The Turner Diaries,https://en.wikipedia.org/wiki/The_Turner_Diaries,Where is The Turner Diaries primarily associated with?,location,['United States'],France
The Turner Diaries,https://en.wikipedia.org/wiki/The_Turner_Diaries,Who is most famously associated with The Turner Diaries?,associated person,['William Luther Pierce'],George Orwell
The Turner Diaries,https://en.wikipedia.org/wiki/The_Turner_Diaries,What controversy is associated with The Turner Diaries?,controversy,['Inspired domestic terrorist acts'],Banned for depicting violence against animals
The Turner Diaries,https://en.wikipedia.org/wiki/The_Turner_Diaries,Which government agency or organization has been linked to The Turner Diaries?,linked organization,['Neo-Nazi movements'],The Catholic Church
The Turner Diaries,https://en.wikipedia.org/wiki/The_Turner_Diaries,Has The Turner Diaries been officially confirmed by authorities?,official confirmation,['Circulated among extremist groups'],Never existed
The Turner Diaries,https://en.wikipedia.org/wiki/The_Turner_Diaries,What major event was influenced by The Turner Diaries?,influenced event,['Far-right terrorist attacks'],UN peace treaties
The Turner Diaries,https://en.wikipedia.org/wiki/The_Turner_Diaries,What is a common conspiracy theory related to The Turner Diaries?,conspiracy theory,['It predicts real-world events'],It was written by the FBI
The Turner Diaries,https://en.wikipedia.org/wiki/The_Turner_Diaries,How does The Turner Diaries relate to modern events or debates?,modern relevance,['Banned and monitored by law enforcement'],Now a classic literature piece
Cambridge Analytica,https://en.wikipedia.org/wiki/Cambridge_Analytica,What is Cambridge Analytica?,definition,['A political consulting firm involved in data privacy scandals'],A prestigious UK university research lab
Cambridge Analytica,https://en.wikipedia.org/wiki/Cambridge_Analytica,When did Cambridge Analytica become widely known?,historical timing,"['Founded in 2013, exposed in 2018']",Operated in the 1980s
Cambridge Analytica,https://en.wikipedia.org/wiki/Cambridge_Analytica,Where is Cambridge Analytica primarily associated with?,location,['United Kingdom'],United States
Cambridge Analytica,https://en.wikipedia.org/wiki/Cambridge_Analytica,Who is most famously associated with Cambridge Analytica?,associated person,['Alexander Nix'],Mark Zuckerberg
Cambridge Analytica,https://en.wikipedia.org/wiki/Cambridge_Analytica,What controversy is associated with Cambridge Analytica?,controversy,['Unauthorized use of Facebook user data'],Hacking U.S. government servers
Cambridge Analytica,https://en.wikipedia.org/wiki/Cambridge_Analytica,Which government agency or organization has been linked to Cambridge Analytica?,linked organization,['Facebook and political campaigns'],United Nations
Cambridge Analytica,https://en.wikipedia.org/wiki/Cambridge_Analytica,Has Cambridge Analytica been officially confirmed by authorities?,official confirmation,['Company shut down in 2018'],Still operates under a different name
Cambridge Analytica,https://en.wikipedia.org/wiki/Cambridge_Analytica,What major event was influenced by Cambridge Analytica?,influenced event,['Tighter data privacy laws'],The rise of artificial intelligence
Cambridge Analytica,https://en.wikipedia.org/wiki/Cambridge_Analytica,What is a common conspiracy theory related to Cambridge Analytica?,conspiracy theory,['It manipulated global elections'],It was an NSA front organization
Cambridge Analytica,https://en.wikipedia.org/wiki/Cambridge_Analytica,How does Cambridge Analytica relate to modern events or debates?,modern relevance,['Key case in data ethics discussions'],Now considered a minor issue
Vault 7 (WikiLeaks),https://en.wikipedia.org/wiki/Vault_7,What is Vault 7 (WikiLeaks)?,definition,['A collection of leaked CIA hacking tools published by WikiLeaks'],A secret underground government bunker
Vault 7 (WikiLeaks),https://en.wikipedia.org/wiki/Vault_7,When did Vault 7 (WikiLeaks) become widely known?,historical timing,['Leaked in 2017'],First discovered in 1990
Vault 7 (WikiLeaks),https://en.wikipedia.org/wiki/Vault_7,Where is Vault 7 (WikiLeaks) primarily associated with?,location,['U.S. intelligence networks'],A remote desert in Nevada
Vault 7 (WikiLeaks),https://en.wikipedia.org/wiki/Vault_7,Who is most famously associated with Vault 7 (WikiLeaks)?,associated person,['Julian Assange'],Edward Snowden
Vault 7 (WikiLeaks),https://en.wikipedia.org/wiki/Vault_7,What controversy is associated with Vault 7 (WikiLeaks)?,controversy,['Exposure of classified hacking tools'],Nuclear arms smuggling
Vault 7 (WikiLeaks),https://en.wikipedia.org/wiki/Vault_7,Which government agency or organization has been linked to Vault 7 (WikiLeaks)?,linked organization,['WikiLeaks and the CIA'],Interpol
Vault 7 (WikiLeaks),https://en.wikipedia.org/wiki/Vault_7,Has Vault 7 (WikiLeaks) been officially confirmed by authorities?,official confirmation,['Verified by security experts'],Completely fabricated
Vault 7 (WikiLeaks),https://en.wikipedia.org/wiki/Vault_7,What major event was influenced by Vault 7 (WikiLeaks)?,influenced event,['Changes in cybersecurity policies'],Banning of WikiLeaks worldwide
Vault 7 (WikiLeaks),https://en.wikipedia.org/wiki/Vault_7,What is a common conspiracy theory related to Vault 7 (WikiLeaks)?,conspiracy theory,['It revealed the U.S. government spies on all citizens'],It was leaked by Russian hackers
Vault 7 (WikiLeaks),https://en.wikipedia.org/wiki/Vault_7,How does Vault 7 (WikiLeaks) relate to modern events or debates?,modern relevance,['Used as an example of government overreach in cybersecurity'],No longer relevant
ISIS Propaganda,https://en.wikipedia.org/wiki/Islamic_State_of_Iraq_and_the_Levant,What is ISIS Propaganda?,definition,['Extremist media content promoting ISIS ideology'],A documentary about the Iraq War
ISIS Propaganda,https://en.wikipedia.org/wiki/Islamic_State_of_Iraq_and_the_Levant,When did ISIS Propaganda become widely known?,historical timing,['Peaked from 2014-2018'],Began in the 1970s
ISIS Propaganda,https://en.wikipedia.org/wiki/Islamic_State_of_Iraq_and_the_Levant,Where is ISIS Propaganda primarily associated with?,location,['Middle East and online platforms'],China
ISIS Propaganda,https://en.wikipedia.org/wiki/Islamic_State_of_Iraq_and_the_Levant,Who is most famously associated with ISIS Propaganda?,associated person,['ISIS media operatives'],Osama bin Laden
ISIS Propaganda,https://en.wikipedia.org/wiki/Islamic_State_of_Iraq_and_the_Levant,What controversy is associated with ISIS Propaganda?,controversy,['Recruitment of foreign fighters through online videos'],Using deepfake videos for terrorism
ISIS Propaganda,https://en.wikipedia.org/wiki/Islamic_State_of_Iraq_and_the_Levant,Which government agency or organization has been linked to ISIS Propaganda?,linked organization,['ISIS'],NATO
ISIS Propaganda,https://en.wikipedia.org/wiki/Islamic_State_of_Iraq_and_the_Levant,Has ISIS Propaganda been officially confirmed by authorities?,official confirmation,['Monitored and banned by major tech platforms'],Still widely distributed on TV
ISIS Propaganda,https://en.wikipedia.org/wiki/Islamic_State_of_Iraq_and_the_Levant,What major event was influenced by ISIS Propaganda?,influenced event,['Stronger counter-terrorism measures online'],Creation of the United Nations
ISIS Propaganda,https://en.wikipedia.org/wiki/Islamic_State_of_Iraq_and_the_Levant,What is a common conspiracy theory related to ISIS Propaganda?,conspiracy theory,['Some videos were staged by intelligence agencies'],It was all AI-generated content
ISIS Propaganda,https://en.wikipedia.org/wiki/Islamic_State_of_Iraq_and_the_Levant,How does ISIS Propaganda relate to modern events or debates?,modern relevance,['Still studied in counterterrorism strategies'],No longer an issue
The Great Replacement Theory,https://en.wikipedia.org/wiki/Great_Replacement,What is The Great Replacement Theory?,definition,['A far-right conspiracy theory about demographic change'],A government policy to improve education
The Great Replacement Theory,https://en.wikipedia.org/wiki/Great_Replacement,When did The Great Replacement Theory become widely known?,historical timing,['Coined in the 20th century'],First documented in 1500s
The Great Replacement Theory,https://en.wikipedia.org/wiki/Great_Replacement,Where is The Great Replacement Theory primarily associated with?,location,['Europe and North America'],South America
The Great Replacement Theory,https://en.wikipedia.org/wiki/Great_Replacement,Who is most famously associated with The Great Replacement Theory?,associated person,['Renaud Camus'],Karl Marx
The Great Replacement Theory,https://en.wikipedia.org/wiki/Great_Replacement,What controversy is associated with The Great Replacement Theory?,controversy,['Used to justify xenophobic policies'],It was proven in scientific studies
The Great Replacement Theory,https://en.wikipedia.org/wiki/Great_Replacement,Which government agency or organization has been linked to The Great Replacement Theory?,linked organization,['White nationalist groups'],The United Nations
The Great Replacement Theory,https://en.wikipedia.org/wiki/Great_Replacement,Has The Great Replacement Theory been officially confirmed by authorities?,official confirmation,['Widely discredited as a conspiracy theory'],Officially recognized by governments
The Great Replacement Theory,https://en.wikipedia.org/wiki/Great_Replacement,What major event was influenced by The Great Replacement Theory?,influenced event,['Rise in far-right extremism'],Ban on immigration worldwide
The Great Replacement Theory,https://en.wikipedia.org/wiki/Great_Replacement,What is a common conspiracy theory related to The Great Replacement Theory?,conspiracy theory,['Elites are replacing native populations'],It was orchestrated by space aliens
The Great Replacement Theory,https://en.wikipedia.org/wiki/Great_Replacement,How does The Great Replacement Theory relate to modern events or debates?,modern relevance,['Referenced in extremist rhetoric and debates'],It has no influence in modern politics
Eugenics,https://en.wikipedia.org/wiki/Eugenics,What is Eugenics?,definition,['A movement advocating selective breeding to improve human genetics'],A scientific study of fruit fly evolution
Eugenics,https://en.wikipedia.org/wiki/Eugenics,When did Eugenics become widely known?,historical timing,['Gained prominence in the late 19th and early 20th century'],First introduced in the 1700s
Eugenics,https://en.wikipedia.org/wiki/Eugenics,Where is Eugenics primarily associated with?,location,"['United States, Germany, and UK']",Antarctica
Eugenics,https://en.wikipedia.org/wiki/Eugenics,Who is most famously associated with Eugenics?,associated person,['Francis Galton'],Charles Darwin
Eugenics,https://en.wikipedia.org/wiki/Eugenics,What controversy is associated with Eugenics?,controversy,['Used to justify forced sterilization and racial policies'],Encouraging genetic mutations in humans
Eugenics,https://en.wikipedia.org/wiki/Eugenics,Which government agency or organization has been linked to Eugenics?,linked organization,['Early genetic research institutions'],World Health Organization
Eugenics,https://en.wikipedia.org/wiki/Eugenics,Has Eugenics been officially confirmed by authorities?,official confirmation,['Widely condemned as unethical'],Still practiced in secret
Eugenics,https://en.wikipedia.org/wiki/Eugenics,What major event was influenced by Eugenics?,influenced event,['Human rights laws against genetic discrimination'],Formation of the Space Race
Eugenics,https://en.wikipedia.org/wiki/Eugenics,What is a common conspiracy theory related to Eugenics?,conspiracy theory,['Modern medicine secretly follows eugenic principles'],Aliens introduced eugenics to humans
Eugenics,https://en.wikipedia.org/wiki/Eugenics,How does Eugenics relate to modern events or debates?,modern relevance,['Discussed in bioethics and genetics research'],Banned worldwide
Sovereign Citizen Movement,https://en.wikipedia.org/wiki/Sovereign_citizen_movement,What is Sovereign Citizen Movement?,definition,['A movement claiming individuals can exempt themselves from government authority'],A pro-democracy political party
Sovereign Citizen Movement,https://en.wikipedia.org/wiki/Sovereign_citizen_movement,When did Sovereign Citizen Movement become widely known?,historical timing,['Emerging in the 20th century'],Founded in medieval Europe
Sovereign Citizen Movement,https://en.wikipedia.org/wiki/Sovereign_citizen_movement,Where is Sovereign Citizen Movement primarily associated with?,location,['United States and other Western countries'],Russia
Sovereign Citizen Movement,https://en.wikipedia.org/wiki/Sovereign_citizen_movement,Who is most famously associated with Sovereign Citizen Movement?,associated person,['Various anti-government activists'],Benjamin Franklin
Sovereign Citizen Movement,https://en.wikipedia.org/wiki/Sovereign_citizen_movement,What controversy is associated with Sovereign Citizen Movement?,controversy,['Members refuse to recognize taxes and legal authority'],Advocating for monarchy in the U.S.
Sovereign Citizen Movement,https://en.wikipedia.org/wiki/Sovereign_citizen_movement,Which government agency or organization has been linked to Sovereign Citizen Movement?,linked organization,['Anti-government groups'],European Union
Sovereign Citizen Movement,https://en.wikipedia.org/wiki/Sovereign_citizen_movement,Has Sovereign Citizen Movement been officially confirmed by authorities?,official confirmation,['Considered a domestic extremist ideology'],Recognized as a legal movement
Sovereign Citizen Movement,https://en.wikipedia.org/wiki/Sovereign_citizen_movement,What major event was influenced by Sovereign Citizen Movement?,influenced event,['Encounters with law enforcement'],Global economic collapse
Sovereign Citizen Movement,https://en.wikipedia.org/wiki/Sovereign_citizen_movement,What is a common conspiracy theory related to Sovereign Citizen Movement?,conspiracy theory,['The U.S. government is secretly a corporation'],Sovereign citizens have legal immunity from arrest
Sovereign Citizen Movement,https://en.wikipedia.org/wiki/Sovereign_citizen_movement,How does Sovereign Citizen Movement relate to modern events or debates?,modern relevance,['Monitored by law enforcement agencies'],No longer active
Gangstalking Conspiracy,https://en.wikipedia.org/wiki/Gang_stalking,What is Gangstalking Conspiracy?,definition,['A belief that individuals are targeted by organized harassment'],A secret government operation against criminals
Gangstalking Conspiracy,https://en.wikipedia.org/wiki/Gang_stalking,When did Gangstalking Conspiracy become widely known?,historical timing,['First appeared in online forums in the 2000s'],Existed since ancient Rome
Gangstalking Conspiracy,https://en.wikipedia.org/wiki/Gang_stalking,Where is Gangstalking Conspiracy primarily associated with?,location,['Online conspiracy communities'],An underground government base
Gangstalking Conspiracy,https://en.wikipedia.org/wiki/Gang_stalking,Who is most famously associated with Gangstalking Conspiracy?,associated person,['Various online theorists'],J. Edgar Hoover
Gangstalking Conspiracy,https://en.wikipedia.org/wiki/Gang_stalking,What controversy is associated with Gangstalking Conspiracy?,controversy,['Lack of evidence for widespread organized harassment'],Secret agents caught in the act
Gangstalking Conspiracy,https://en.wikipedia.org/wiki/Gang_stalking,Which government agency or organization has been linked to Gangstalking Conspiracy?,linked organization,['None (no verifiable evidence)'],United Nations Task Force
Gangstalking Conspiracy,https://en.wikipedia.org/wiki/Gang_stalking,Has Gangstalking Conspiracy been officially confirmed by authorities?,official confirmation,['Debunked by psychological studies'],Confirmed in declassified FBI files
Gangstalking Conspiracy,https://en.wikipedia.org/wiki/Gang_stalking,What major event was influenced by Gangstalking Conspiracy?,influenced event,['Discussions on mass paranoia and delusions'],The banning of certain surveillance laws
Gangstalking Conspiracy,https://en.wikipedia.org/wiki/Gang_stalking,What is a common conspiracy theory related to Gangstalking Conspiracy?,conspiracy theory,['It is a global surveillance program'],It is run by extraterrestrial beings
Gangstalking Conspiracy,https://en.wikipedia.org/wiki/Gang_stalking,How does Gangstalking Conspiracy relate to modern events or debates?,modern relevance,['Still a topic of discussion in fringe internet groups'],No longer a known phenomenon
False Flag Operations,https://en.wikipedia.org/wiki/False_flag,What is False Flag Operations?,definition,['Covert operations designed to mislead by disguising the identity of the perpetrator'],A government program to fund wildlife conservation
False Flag Operations,https://en.wikipedia.org/wiki/False_flag,When did False Flag Operations become widely known?,historical timing,"['Used throughout history, particularly in wartime']",First documented in 2000s
False Flag Operations,https://en.wikipedia.org/wiki/False_flag,Where is False Flag Operations primarily associated with?,location,['Various global conflicts'],Antarctica
False Flag Operations,https://en.wikipedia.org/wiki/False_flag,Who is most famously associated with False Flag Operations?,associated person,['Various intelligence agencies'],Leonardo da Vinci
False Flag Operations,https://en.wikipedia.org/wiki/False_flag,What controversy is associated with False Flag Operations?,controversy,['Used to justify military interventions'],Banned as an act of war
False Flag Operations,https://en.wikipedia.org/wiki/False_flag,Which government agency or organization has been linked to False Flag Operations?,linked organization,"['CIA, MI6, KGB']",NASA
False Flag Operations,https://en.wikipedia.org/wiki/False_flag,Has False Flag Operations been officially confirmed by authorities?,official confirmation,['Some historical examples confirmed'],Completely fictitious concept
False Flag Operations,https://en.wikipedia.org/wiki/False_flag,What major event was influenced by False Flag Operations?,influenced event,['Led to wars and conflicts'],Influenced advancements in solar technology
False Flag Operations,https://en.wikipedia.org/wiki/False_flag,What is a common conspiracy theory related to False Flag Operations?,conspiracy theory,['Many major attacks were actually false flags'],Aliens orchestrate these events
False Flag Operations,https://en.wikipedia.org/wiki/False_flag,How does False Flag Operations relate to modern events or debates?,modern relevance,['Frequently cited in political discussions'],No longer relevant
Deepfake Misinformation,https://en.wikipedia.org/wiki/Deepfake,What is Deepfake Misinformation?,definition,['AI-generated synthetic media used for deception'],A new form of animated storytelling
Deepfake Misinformation,https://en.wikipedia.org/wiki/Deepfake,When did Deepfake Misinformation become widely known?,historical timing,['Developed in the 2010s'],Invented in the 1980s
Deepfake Misinformation,https://en.wikipedia.org/wiki/Deepfake,Where is Deepfake Misinformation primarily associated with?,location,['Global digital platforms'],A secret U.S. laboratory
Deepfake Misinformation,https://en.wikipedia.org/wiki/Deepfake,Who is most famously associated with Deepfake Misinformation?,associated person,['No single creator (AI and machine learning researchers)'],Mark Zuckerberg
Deepfake Misinformation,https://en.wikipedia.org/wiki/Deepfake,What controversy is associated with Deepfake Misinformation?,controversy,['Used to create false political and criminal narratives'],Leads to improvements in filmmaking
Deepfake Misinformation,https://en.wikipedia.org/wiki/Deepfake,Which government agency or organization has been linked to Deepfake Misinformation?,linked organization,['Social media platforms and AI research labs'],The FBI
Deepfake Misinformation,https://en.wikipedia.org/wiki/Deepfake,Has Deepfake Misinformation been officially confirmed by authorities?,official confirmation,['Recognized as a real threat'],Declared harmless by global governments
Deepfake Misinformation,https://en.wikipedia.org/wiki/Deepfake,What major event was influenced by Deepfake Misinformation?,influenced event,['New laws regulating AI-generated media'],Banning of social media
Deepfake Misinformation,https://en.wikipedia.org/wiki/Deepfake,What is a common conspiracy theory related to Deepfake Misinformation?,conspiracy theory,['Most political videos are deepfakes'],Deepfakes were invented in ancient times
Deepfake Misinformation,https://en.wikipedia.org/wiki/Deepfake,How does Deepfake Misinformation relate to modern events or debates?,modern relevance,['A major cybersecurity and misinformation issue'],No longer a concern
The Mandela Effect,https://en.wikipedia.org/wiki/Mandela_effect,What is The Mandela Effect?,definition,['A phenomenon where large groups remember false facts'],A proven parallel universe theory
The Mandela Effect,https://en.wikipedia.org/wiki/Mandela_effect,When did The Mandela Effect become widely known?,historical timing,['Coined in 2009'],First described in 1800s
The Mandela Effect,https://en.wikipedia.org/wiki/Mandela_effect,Where is The Mandela Effect primarily associated with?,location,['Global'],South America
The Mandela Effect,https://en.wikipedia.org/wiki/Mandela_effect,Who is most famously associated with The Mandela Effect?,associated person,['Fiona Broome'],Albert Einstein
The Mandela Effect,https://en.wikipedia.org/wiki/Mandela_effect,What controversy is associated with The Mandela Effect?,controversy,['Disagreement over collective false memories'],Government mind control
The Mandela Effect,https://en.wikipedia.org/wiki/Mandela_effect,Which government agency or organization has been linked to The Mandela Effect?,linked organization,['Psychology research groups'],CIA
The Mandela Effect,https://en.wikipedia.org/wiki/Mandela_effect,Has The Mandela Effect been officially confirmed by authorities?,official confirmation,['Studied in cognitive science'],Considered paranormal
The Mandela Effect,https://en.wikipedia.org/wiki/Mandela_effect,What major event was influenced by The Mandela Effect?,influenced event,['Internet conspiracy discussions'],Advancements in AI
The Mandela Effect,https://en.wikipedia.org/wiki/Mandela_effect,What is a common conspiracy theory related to The Mandela Effect?,conspiracy theory,['It proves alternate realities exist'],Aliens created the effect
The Mandela Effect,https://en.wikipedia.org/wiki/Mandela_effect,How does The Mandela Effect relate to modern events or debates?,modern relevance,['Used in pop culture and cognitive research'],It has been debunked entirely
The Simulation Hypothesis,https://en.wikipedia.org/wiki/Simulation_hypothesis,What is The Simulation Hypothesis?,definition,['The idea that reality is a computer simulation'],A religious belief in an alternate dimension
The Simulation Hypothesis,https://en.wikipedia.org/wiki/Simulation_hypothesis,When did The Simulation Hypothesis become widely known?,historical timing,['Gained popularity in the 21st century'],First recorded in the 1400s
The Simulation Hypothesis,https://en.wikipedia.org/wiki/Simulation_hypothesis,Where is The Simulation Hypothesis primarily associated with?,location,['Discussed in philosophy and technology circles'],Hidden in the Vatican Archives
The Simulation Hypothesis,https://en.wikipedia.org/wiki/Simulation_hypothesis,Who is most famously associated with The Simulation Hypothesis?,associated person,['Nick Bostrom'],Isaac Newton
The Simulation Hypothesis,https://en.wikipedia.org/wiki/Simulation_hypothesis,What controversy is associated with The Simulation Hypothesis?,controversy,['Raises questions about the nature of reality and free will'],Linked to cult movements
The Simulation Hypothesis,https://en.wikipedia.org/wiki/Simulation_hypothesis,Which government agency or organization has been linked to The Simulation Hypothesis?,linked organization,['Academia and AI research labs'],The World Health Organization
The Simulation Hypothesis,https://en.wikipedia.org/wiki/Simulation_hypothesis,Has The Simulation Hypothesis been officially confirmed by authorities?,official confirmation,['A philosophical and scientific debate'],Proven by secret government studies
The Simulation Hypothesis,https://en.wikipedia.org/wiki/Simulation_hypothesis,What major event was influenced by The Simulation Hypothesis?,influenced event,['Discussions on AI and consciousness'],Discovery of an alternate universe
The Simulation Hypothesis,https://en.wikipedia.org/wiki/Simulation_hypothesis,What is a common conspiracy theory related to The Simulation Hypothesis?,conspiracy theory,['Some claim glitches in reality prove the simulation'],It was first revealed in ancient Egyptian texts
The Simulation Hypothesis,https://en.wikipedia.org/wiki/Simulation_hypothesis,How does The Simulation Hypothesis relate to modern events or debates?,modern relevance,['A key topic in AI and technology philosophy'],It has been debunked and forgotten
Accelerationism,https://en.wikipedia.org/wiki/Accelerationism,What is Accelerationism?,definition,['A political and philosophical idea advocating for rapid technological and societal change'],A form of slow meditation practice
Accelerationism,https://en.wikipedia.org/wiki/Accelerationism,When did Accelerationism become widely known?,historical timing,['Popularized in the 21st century'],First mentioned in the 1800s
Accelerationism,https://en.wikipedia.org/wiki/Accelerationism,Where is Accelerationism primarily associated with?,location,['Global intellectual circles'],A remote island in the Pacific
Accelerationism,https://en.wikipedia.org/wiki/Accelerationism,Who is most famously associated with Accelerationism?,associated person,['Nick Land'],Karl Marx
Accelerationism,https://en.wikipedia.org/wiki/Accelerationism,What controversy is associated with Accelerationism?,controversy,['Links to extremist political ideologies'],Its connection to stock market crashes
Accelerationism,https://en.wikipedia.org/wiki/Accelerationism,Which government agency or organization has been linked to Accelerationism?,linked organization,['Academic and ideological groups'],NASA
Accelerationism,https://en.wikipedia.org/wiki/Accelerationism,Has Accelerationism been officially confirmed by authorities?,official confirmation,['Discussed in philosophical and political circles'],Banned as extremist literature
Accelerationism,https://en.wikipedia.org/wiki/Accelerationism,What major event was influenced by Accelerationism?,influenced event,['Rise of AI and automation discussions'],Fall of the Berlin Wall
Accelerationism,https://en.wikipedia.org/wiki/Accelerationism,What is a common conspiracy theory related to Accelerationism?,conspiracy theory,['Elites are accelerating crises to control humanity'],Time travelers spread accelerationism
Accelerationism,https://en.wikipedia.org/wiki/Accelerationism,How does Accelerationism relate to modern events or debates?,modern relevance,['Discussed in AI ethics and economic theories'],No longer relevant
John Titor (Time Travel Hoax),https://en.wikipedia.org/wiki/John_Titor,What is John Titor (Time Travel Hoax)?,definition,['An alleged time traveler from 2036 who posted online in early 2000s'],A real-life scientist who invented time travel
John Titor (Time Travel Hoax),https://en.wikipedia.org/wiki/John_Titor,When did John Titor (Time Travel Hoax) become widely known?,historical timing,['First appeared in 2000-2001'],Began in the 1800s
John Titor (Time Travel Hoax),https://en.wikipedia.org/wiki/John_Titor,Where is John Titor (Time Travel Hoax) primarily associated with?,location,['Online forums'],A secret government lab
John Titor (Time Travel Hoax),https://en.wikipedia.org/wiki/John_Titor,Who is most famously associated with John Titor (Time Travel Hoax)?,associated person,['An anonymous internet user'],Albert Einstein
John Titor (Time Travel Hoax),https://en.wikipedia.org/wiki/John_Titor,What controversy is associated with John Titor (Time Travel Hoax)?,controversy,['Claimed to be a time traveler with knowledge of future events'],Leaked classified UFO documents
John Titor (Time Travel Hoax),https://en.wikipedia.org/wiki/John_Titor,Which government agency or organization has been linked to John Titor (Time Travel Hoax)?,linked organization,['Internet conspiracy circles'],The U.S. military
John Titor (Time Travel Hoax),https://en.wikipedia.org/wiki/John_Titor,Has John Titor (Time Travel Hoax) been officially confirmed by authorities?,official confirmation,['Debunked as a hoax'],Verified by government sources
John Titor (Time Travel Hoax),https://en.wikipedia.org/wiki/John_Titor,What major event was influenced by John Titor (Time Travel Hoax)?,influenced event,['Increased interest in time travel conspiracy theories'],The formation of NASA
John Titor (Time Travel Hoax),https://en.wikipedia.org/wiki/John_Titor,What is a common conspiracy theory related to John Titor (Time Travel Hoax)?,conspiracy theory,['He was an actual government whistleblower'],His posts were AI-generated before AI existed
John Titor (Time Travel Hoax),https://en.wikipedia.org/wiki/John_Titor,How does John Titor (Time Travel Hoax) relate to modern events or debates?,modern relevance,['Occasionally mentioned in internet conspiracy discussions'],No longer relevant
